uni_id,university
1,arizona_state_university
2,auburn_university
3,binghamton_university
4,boston_university
5,broward_college
6,brown_university
7,california_polytechnic_state_university_-_pomona
8,california_polytechnic_state_university
9,california_state_university_-_fullerton
10,california_state_university_-_long_beach
11,california_state_university_-_sacramento
12,carleton_university
13,carnegie_mellon_university
14,city_university_of_new_york
15,clemson_university
16,columbia_university
17,cornell_university
18,drexel_university
19,duke_university
20,florida_state_university
21,george_mason_university
22,georgia_institute_of_technology
23,georgia_state_university
24,harvard_university
25,indiana_university
26,iowa_state_university
27,johns_hopkins_university
28,kennesaw_state_university
29,louisiana_state_university
30,massachusetts_institute_of_technology
31,mcmaster_university
32,michigan_state_university
33,new_york_university_-_nyu
34,northeastern_university
35,northwestern_university
36,north_carolina_state_university
37,ohio_state_university
38,oregon_state_university
39,penn_state_university
40,purdue_university
41,queens_university
42,rensselaer_polytechnic_institute
43,rochester_institute_of_technology
44,rutgers_university
45,san_diego_state_university
46,san_jose_state_university
47,simon_fraser_university
48,stanford_university
49,stony_brook_university_-_suny
50,temple_university
51,texas_am
52,texas_state_university
53,texas_tech_university
54,university_at_buffalo_-_suny
55,university_of_alberta
56,university_of_arizona
57,university_of_british_columbia
58,university_of_calgary
59,university_of_california_-_berkeley
60,university_of_california_-_davis
61,university_of_california_-_irvine
62,university_of_california_-_los_angeles
63,university_of_california_-_riverside
64,university_of_california_-_santa_barbara
65,university_of_california_-_santa_cruz
66,university_of_california_-_san_diego
67,university_of_central_florida
68,university_of_chicago
69,university_of_colorado_-_boulder
70,university_of_connecticut
71,university_of_florida
72,university_of_georgia
73,university_of_guelph
74,university_of_houston
75,university_of_illinois_at_chicago
76,university_of_illinois_at_urbana-champaign
77,university_of_manitoba
78,university_of_maryland
79,university_of_massachusetts-amherst
80,university_of_michigan
81,university_of_minnesota
82,university_of_nevada_las_vegas
83,university_of_north_carolina_charlotte
84,university_of_north_texas
85,university_of_notre_dame
86,university_of_oklahoma
87,university_of_ottawa
88,university_of_pennsylvania
89,university_of_pittsburgh
90,university_of_southern_california
91,university_of_south_carolina
92,university_of_south_florida
93,university_of_tennessee_-_knoxville
94,university_of_texas_-_austin
95,university_of_texas_-_dallas
96,university_of_texas_-_san_antonio
