Title,Date,sentiment,target_word_count,cost_of_living
"30,000 subscribers",2024-12-04T03:40:08+00:00,0.0,0,
Re: RIT's playing 4D chess,2024-12-04T02:28:15+00:00,0.2023,0,
Liberal Arts Hours,2024-12-04T00:26:44+00:00,0.0,0,
Social Media Usage Survey,2024-12-03T22:58:40+00:00,0.0,0,
what is aerospace engineering at rit like?,2024-12-03T22:04:39+00:00,0.3612,0,
Furniture design as a transfer student?,2024-12-03T21:31:24+00:00,0.0,0,
All nighters?,2024-12-03T20:55:58+00:00,0.0,0,
RIT +1MBA program,2024-12-03T15:21:59+00:00,0.0,0,
Roommate,2024-12-03T10:59:06+00:00,0.0,0,
Anyone going to boston for co-op?,2024-12-03T04:32:36+00:00,0.0,0,
RIT Soccer Team,2024-12-03T01:29:38+00:00,0.0,0,
Off Campus Housing,2024-12-03T01:17:16+00:00,0.0,0,
Hockey team this year,2024-12-03T00:08:52+00:00,0.0,0,
New Shuttle Schedule,2024-12-02T22:12:00+00:00,0.0,0,
When can I leave for winter break,2024-12-02T21:21:34+00:00,-0.0516,0,
Why arenâ€™t there automatic door buttons inside GV 400???,2024-12-02T21:03:13+00:00,0.0,0,
Professor Rooney,2024-12-02T17:36:39+00:00,0.0,0,
Cold Showers in Gibson before 7 AM,2024-12-02T11:13:41+00:00,0.0,0,
Cheapest way to travel to Penfield from RIT (donâ€™t have a car yet),2024-12-02T03:44:40+00:00,0.0,0,
Chemistry 141,2024-12-01T22:22:28+00:00,0.0,0,
How do I make a report about the WiFi (eduroam)?,2024-12-01T19:15:12+00:00,0.0,1,
Fall 25/Spring 26 Incoming Server Is Here!!!,2024-12-01T16:23:32+00:00,0.0,0,
When does decision for EA come out,2024-12-01T12:07:37+00:00,0.0,0,
Will a car be safe on campus over break?,2024-11-30T18:13:24+00:00,0.4404,0,
About my RIT decision,2024-11-30T01:27:05+00:00,0.0,0,
PhD in Color Science,2024-11-29T18:14:53+00:00,0.0,0,
Computer engineers - I need GPU help!,2024-11-29T02:51:15+00:00,0.0,0,
WINT 62 Questions,2024-11-27T22:54:49+00:00,0.0,0,
What can they search in your dorm?,2024-11-27T18:50:11+00:00,0.0,0,
DSP Post Office is Hiring for Spring,2024-11-27T16:24:08+00:00,0.0,0,
Changing Meal Plan,2024-11-27T04:24:08+00:00,0.0,0,
update to campus iud insertion (it went well!),2024-11-27T00:06:34+00:00,0.3382,0,
Slaughter Hall,2024-11-26T23:54:25+00:00,0.0,0,
Financial hold for spring classes,2024-11-26T23:13:34+00:00,0.0,0,
DeStress at RIT Libraries *with therapy dogs!*,2024-11-26T20:55:38+00:00,0.0,0,
rit buses might be cursed,2024-11-26T15:30:54+00:00,0.0,0,
first time ISL shopper,2024-11-26T02:27:00+00:00,0.0,0,
Double as single,2024-11-25T22:45:07+00:00,0.0,0,
Co-op Credit for Part-Time Co-op?,2024-11-25T21:55:22+00:00,0.3818,0,
Staff Tuition Waiver,2024-11-25T21:31:55+00:00,0.0,0,
KDP Housing?,2024-11-25T19:58:08+00:00,0.0,0,
Apex/Province bus on time - thanks Niagara!,2024-11-25T14:50:48+00:00,0.4926,0,
thanksgiving on campus?,2024-11-25T07:08:15+00:00,0.0,0,
"This device is no on an RIT network and cannot be registered at this time, however you can still perform an advanced registration",2024-11-24T23:54:44+00:00,-0.0516,0,
Will engineering building be open during Thanksgiving break?,2024-11-24T20:21:33+00:00,0.0,0,
looking for low time commitment theatre spring semester,2024-11-24T19:54:48+00:00,0.128,0,
RIT SLC Cage equipment,2024-11-24T07:32:34+00:00,0.0,0,
idk what to do,2024-11-24T07:01:10+00:00,-0.1027,0,
Any last options?,2024-11-23T10:10:13+00:00,0.0,0,
Calico (?) cat on West side of Lot S,2024-11-23T01:28:26+00:00,0.0,0,
Vent: I'm so fucking tired of this place,2024-11-22T23:31:16+00:00,-0.5379,0,
RIT Honors Program,2024-11-22T21:02:24+00:00,0.5106,0,
Global Village Question,2024-11-22T01:28:25+00:00,0.0,0,
Elevator etiquette,2024-11-21T21:14:31+00:00,0.0,0,
MKTG 761,2024-11-21T21:00:18+00:00,0.0,0,
High-Power Nerf Tournament hosted by Foam Blaster Club on December 1st,2024-11-21T20:37:15+00:00,0.0,0,
is the global wellness center/gym open to students?,2024-11-21T19:45:38+00:00,0.4404,0,
(30 sec) Survey on Procrastination Habits,2024-11-21T19:06:22+00:00,0.0,0,
Part 2 of calling all Video Game Developers on campus!,2024-11-21T16:59:55+00:00,0.0,0,
Calling all Video Game Developers on campus!,2024-11-21T16:40:13+00:00,0.0,0,
Micheal Cromer for DiffEq?,2024-11-21T16:36:15+00:00,0.0,0,
RITâ€™s playing 4D chess and half of you donâ€™t even get it.,2024-11-21T16:22:50+00:00,0.2023,0,
salsas bar,2024-11-21T02:32:55+00:00,0.0,0,
MATH 431 w/ Felea,2024-11-21T02:24:56+00:00,0.0,0,
Performing Arts Scholarship,2024-11-21T01:04:29+00:00,0.0,0,
co-op help (freshman),2024-11-20T19:56:45+00:00,0.0,0,
leaving campus housing through DSO,2024-11-20T16:17:05+00:00,0.0,0,
UP2 vs PHYS 411,2024-11-20T14:52:40+00:00,0.0,0,
Suggestions for GE:Elective,2024-11-20T13:10:21+00:00,0.0,0,
Are you allowed to co-op in a domain outside your major?,2024-11-20T11:14:02+00:00,0.0,0,
How does counselling needs for assessment appointments work ?,2024-11-20T00:42:56+00:00,0.0,0,
RIT Gym,2024-11-19T15:41:41+00:00,0.0,0,
Enrolling in Math 172.,2024-11-19T15:36:39+00:00,0.0,0,
Survey regarding the College of Liberal Arts (For both COLA/Non-COLA Students!),2024-11-19T15:14:08+00:00,0.0,0,
How bad is MUSE-249,2024-11-19T13:55:23+00:00,-0.5423,0,
Riverknoll?,2024-11-19T04:32:16+00:00,0.0,0,
is ANTH102 an easy global perspective class?,2024-11-19T03:53:10+00:00,0.4404,0,
"i keep seeing posters for this queerfest thing, anyone know what that's about?",2024-11-19T03:07:29+00:00,0.0,0,
Chances of getting into IGME 110 as a CS major,2024-11-19T01:15:21+00:00,0.2023,0,
best prof for csec140?,2024-11-18T23:12:39+00:00,0.6369,0,
Spring 2025 campus job,2024-11-18T23:09:57+00:00,0.0,0,
Rit DubaÃ¯,2024-11-18T21:21:42+00:00,0.0,0,
Accepted into RIT!,2024-11-18T21:06:28+00:00,0.3382,0,
RIT Presidental Scholarship Question,2024-11-18T21:04:47+00:00,0.0,0,
Calling ALL RIT Sports Fans: Please take my Survey!,2024-11-18T18:30:53+00:00,0.3802,0,
MATH-251 Recitation,2024-11-18T17:29:33+00:00,0.0,0,
Can you become an honors student your second semester?,2024-11-18T06:44:47+00:00,0.5106,0,
ASL CLASS ???,2024-11-17T19:52:38+00:00,0.0,0,
early decision timing,2024-11-17T16:36:24+00:00,0.0,0,
I wish there were more walkable tunnels IRL (random lament post),2024-11-17T04:01:54+00:00,-0.0772,0,
can you have hairdryers in your room?,2024-11-16T23:11:16+00:00,0.0,0,
CA Interest Forum inquiry,2024-11-16T22:16:46+00:00,0.4588,0,
Borrow a Car Jack,2024-11-16T21:58:50+00:00,0.0,0,
Where can I find this screwdriver on campus?,2024-11-16T18:29:41+00:00,0.0964,0,
Adopting Animals as Students,2024-11-16T16:44:33+00:00,0.0,0,
Practice Rooms Reservation?,2024-11-16T03:04:31+00:00,0.0,0,
Does RITâ€™s Reusable Mug Discount Still Exist?,2024-11-16T02:52:55+00:00,0.0,0,
ðŸ“¢ Quick Survey on RIT Upperclassmen Housing! ðŸ“¢,2024-11-15T19:29:32+00:00,0.0,0,
CMPE-670,2024-11-15T19:28:39+00:00,0.0,0,
SIS confuses me,2024-11-15T15:10:59+00:00,-0.3182,0,
Commuting help,2024-11-15T08:55:30+00:00,0.0,0,
I think my friend might be getting stalked,2024-11-15T03:46:23+00:00,0.4939,0,
Question on housing for Second Years,2024-11-15T01:44:09+00:00,0.0,0,
Anywhere I can pump up my bikeâ€™s tires on campus?,2024-11-14T18:50:18+00:00,0.0,0,
Does anyone remember the late night weekend bus downtown?,2024-11-14T04:31:30+00:00,0.0,0,
Wallace Library,2024-11-14T03:49:18+00:00,0.0,0,
RIT Social Justice Discord?,2024-11-14T02:45:21+00:00,0.1779,0,
College-Level Math & Mental Disability,2024-11-13T21:20:12+00:00,0.0,0,
Credit Overload,2024-11-13T17:07:19+00:00,0.0258,0,
Co-op search is INCREDIBLY stressful,2024-11-13T12:24:17+00:00,-0.6515,0,
PHYS-211 and PHYS-212 Syllabus,2024-11-13T03:57:56+00:00,0.0,0,
DSP Post Office holding packages over winter break,2024-11-13T01:05:25+00:00,0.0,0,
Deaf art/paintings on campus,2024-11-12T21:53:37+00:00,0.0,0,
WREC-72 Ski/Snowboard Club,2024-11-12T21:15:25+00:00,0.0,0,
Feeling Lonely â€“ Looking for Friends and Some Advice,2024-11-12T18:37:37+00:00,0.2732,0,
Can you kick out a roommate?,2024-11-12T18:19:39+00:00,0.0,0,
Computer engineering,2024-11-12T18:08:53+00:00,0.0,0,
BIOG-102/104 Async,2024-11-12T15:44:26+00:00,0.0,0,
Looking for a one on one tutor in Discrete Math for Computing,2024-11-12T15:35:38+00:00,0.0,0,
Difference between online and asynchronous class on SIS,2024-11-12T14:47:47+00:00,0.0,0,
Any Interesting Classes for my Last Semester?,2024-11-12T14:18:19+00:00,0.4019,0,
Music Theory 1 (PRFL 265) with Yi-Ning Lo,2024-11-12T14:07:27+00:00,0.0,0,
Looking for an easy 3 credit class,2024-11-12T13:54:53+00:00,0.6705,0,
In need of an easy fun class!,2024-11-12T07:40:08+00:00,0.7574,0,
NTID,2024-11-12T05:46:35+00:00,0.0,0,
Whatâ€™s the best method of transportation from RIT to buffalo international airport?,2024-11-12T04:10:00+00:00,0.6369,0,
Are co-ops real?,2024-11-12T03:38:48+00:00,0.0,0,
Spring Semester Classes,2024-11-12T02:23:05+00:00,0.0,0,
How to get Honors Points as a CAD student,2024-11-11T23:41:56+00:00,0.5106,0,
Getting Perspectives Stricken/Not Needing to do Perspectives,2024-11-11T23:10:18+00:00,0.0,0,
Spring Semester Application Decision Date - Undergraduate,2024-11-11T22:44:30+00:00,0.0,0,
buses,2024-11-11T20:28:39+00:00,0.0,0,
SHED Resources,2024-11-11T18:03:58+00:00,0.0,0,
Help with classes :),2024-11-11T18:00:48+00:00,0.4588,0,
Completely hypothetical question about YOPS,2024-11-11T17:39:16+00:00,0.0,0,
UC Commons vs APEX,2024-11-11T14:47:31+00:00,0.0,0,
Some classes and their waitlists have been completely filled 30 seconds after enrollment opened,2024-11-11T13:18:43+00:00,0.0,0,
CISC 863 Statistical machine learning thoughts and opinions?,2024-11-11T05:38:11+00:00,0.0,0,
Grand Strategy Course Reviews,2024-11-11T05:37:59+00:00,0.4588,0,
A couple questions from an anxious transfer applicant :),2024-11-11T03:38:53+00:00,0.25,0,
What are my chances of acceptance?,2024-11-10T23:52:56+00:00,0.5859,0,
Will I have a chance at merit-based scholarships?,2024-11-10T18:42:39+00:00,0.25,0,
are the malware courses (CSEC 476 or CSEC 466) required for forensics cluster not offered anymore?,2024-11-10T11:28:05+00:00,0.0,0,
Is there an area where a non performing arts scholar can record audio,2024-11-10T08:47:28+00:00,0.0,0,
Assistance creating NeRFs,2024-11-10T03:55:27+00:00,0.296,0,
Frats?,2024-11-10T03:49:52+00:00,0.0,0,
Park point sublet questions,2024-11-10T03:34:54+00:00,0.0,0,
Does anyone have a syllabus for a computer science course this semester - preferably in LaTeX/word - worst case pdf - that they can share?,2024-11-09T19:29:54+00:00,-0.4404,0,
Is there any kind of femboy community at RIT?,2024-11-09T05:15:14+00:00,0.0,0,
Accepted student question about co-ops,2024-11-09T03:14:56+00:00,0.2732,0,
Global Village Plaza,2024-11-09T02:23:24+00:00,0.0,0,
Cybersecurity Program,2024-11-09T01:43:29+00:00,0.0,0,
RIT Financial Aid,2024-11-09T01:40:57+00:00,0.0,0,
CyberCorps Scholarship,2024-11-09T01:39:29+00:00,0.0,0,
iud insertion on campus?,2024-11-08T21:34:32+00:00,0.0,0,
there is an open house tomorrow,2024-11-08T21:21:51+00:00,0.0,0,
what can i do to be more likely to get into rit,2024-11-08T18:45:00+00:00,0.0,0,
International students should plan on being in the US by Jan 20th and staying for a while,2024-11-08T13:57:08+00:00,0.0,0,
Should I accept RIT cybersecurity admit?,2024-11-08T04:22:10+00:00,0.5267,0,
Project Survey about Identity in Media,2024-11-08T01:56:02+00:00,0.0,1,
How is WREC-071 (skiing and snowboarding course)?,2024-11-08T00:24:27+00:00,0.0,0,
Please stop walking through USC 1600 when classes and meetings are in session.,2024-11-07T20:53:48+00:00,0.0258,0,
Advice/Experiences with MEDS 490 (Human Gross Anatomy),2024-11-07T19:32:49+00:00,-0.4767,0,
Regarding housing and dining options as an international student!!,2024-11-07T17:39:12+00:00,0.0,0,
Join the RIT Paradox Games Club!,2024-11-07T16:32:28+00:00,0.2714,0,
Chances of getting Beginnign Spanish II class as freshman?,2024-11-07T13:48:44+00:00,0.2023,0,
Are students that are not art majors allowed to use the studios?,2024-11-07T05:53:24+00:00,0.0,0,
Depressed,2024-11-06T18:43:42+00:00,-0.5106,0,
Arabic classes Spring Semester reccomendations,2024-11-06T21:05:10+00:00,0.0,0,
RIT Post-Election Resources,2024-11-06T19:26:00+00:00,0.0,0,
Cringe Culture Survey!,2024-11-06T01:24:12+00:00,0.0,0,
Is the schedule generator down?,2024-11-05T20:35:50+00:00,0.0,0,
Stop walking on the left side,2024-11-05T17:08:05+00:00,-0.296,0,
Election Night Watch Parties,2024-11-05T16:52:48+00:00,0.4019,0,
PokeTCG Discord,2024-11-05T15:57:13+00:00,-0.4019,0,
College Students and AI Survey - Only 2 minutes!,2024-11-05T15:09:25+00:00,0.0,0,
How come not all wellness classes are available to add to the shopping cart?,2024-11-05T08:10:57+00:00,-0.3412,0,
Provence Accident,2024-11-05T05:57:56+00:00,-0.4767,0,
Choosing Between RIT and UTA for Data Science â€“ Is RIT Worth the Extra Cost,2024-11-05T05:38:15+00:00,0.2263,0,
Realm of Pyre Megagame - This Saturday!,2024-11-04T23:54:58+00:00,0.0,0,
does the global village market sell neosporin cream?,2024-11-04T20:19:42+00:00,0.0,0,
iPad screen cracked,2024-11-04T14:12:33+00:00,0.0,0,
Best International Relations Immersion Class?,2024-11-04T13:50:56+00:00,0.6369,0,
Apply for Housing after Renewing?,2024-11-04T10:41:52+00:00,0.0,0,
ACADEMIC SUSPENSION,2024-11-04T08:59:17+00:00,0.0,0,
