Title,Date,sentiment,target_word_count
Transferring Lease,2024-11-19T23:59:03+00:00,0.0,0
Spring 2025 schedule,2024-11-20T01:52:35+00:00,0.0,0
In-Body Test Near Blacksburg?,2024-11-20T00:46:32+00:00,0.0,1
Looking for a room,2024-11-19T22:40:00+00:00,0.0,0
"Do I just copy/paste my essays for the Alumni Chapter Scholarship Application since they are the same essays for the normal application process, just different word count?",2024-11-19T22:23:14+00:00,0.0,1
Thinking about getting a dirtbike. Are there any trails close around?,2024-11-19T20:05:27+00:00,0.0,0
UVA Game Traffic - Question,2024-11-19T18:05:36+00:00,0.0,0
meal vouchers for workers,2024-11-19T15:16:41+00:00,0.0,0
Bus shuttle for parking lots?,2024-11-19T14:59:25+00:00,0.0,0
MMA Club,2024-11-19T14:57:29+00:00,0.0,0
Part time job,2024-11-19T05:37:11+00:00,0.0,0
Can CHEM 1045 Drops Be Used On Written Reports?,2024-11-19T03:15:37+00:00,0.0,1
PSA - don't drive drunk FFS,2024-11-19T01:24:41+00:00,0.6859,0
Apartment Waitlist,2024-11-19T01:17:20+00:00,0.0,0
Parking near Newman,2024-11-19T00:26:07+00:00,0.0,0
I need help finding someone,2024-11-18T22:34:28+00:00,0.0,0
Off campus housing,2024-11-18T21:11:10+00:00,0.0,0
Gym partner?,2024-11-18T20:11:50+00:00,0.0,0
Consumer Rights (AHRM2404),2024-11-18T19:35:02+00:00,0.0,0
Stat 4584 Curve?,2024-11-18T18:25:09+00:00,0.0,0
Incoming transfer student looking for a spring sublet under $800,2024-11-18T13:57:28+00:00,0.0,0
Tips for less stress + more sleep?,2024-11-18T08:01:27+00:00,-0.3626,0
Math 1225 Exam Tips?,2024-11-18T04:55:04+00:00,0.0,1
4th Semester ECE,2024-11-18T04:48:38+00:00,0.0,0
Building Construction or Civil Engineering,2024-11-18T03:55:23+00:00,0.0,0
Has anyone successfully appealed a parking ticket?,2024-11-17T20:51:18+00:00,0.4939,0
Courses through NVCC - Summer,2024-11-17T16:33:48+00:00,0.0,0
Gc for GIRLS transferring in Spring 25â€™,2024-11-17T15:00:24+00:00,0.0,0
VT Building Construction Transfer,2024-11-17T10:14:04+00:00,0.0,0
Is accounting a good major?,2024-11-17T03:56:04+00:00,0.4404,0
Why was everyone honking outside Foxridge,2024-11-17T03:30:14+00:00,0.0,0
wtf is happening outside d2,2024-11-17T01:13:45+00:00,-0.5859,0
Need a roomie/apartment ASAP,2024-11-17T00:02:41+00:00,0.0,0
Group for Transfers in spring 2025,2024-11-16T23:47:02+00:00,0.0,0
How is The Chase?,2024-11-16T20:48:10+00:00,0.0,0
Gunshots near maple ridge,2024-11-16T21:17:16+00:00,0.0,0
Partner loss support,2024-11-16T05:11:46+00:00,0.1027,0
LLCs,2024-11-16T03:37:51+00:00,0.0,0
Volunteering opportunities around Blacksburg?,2024-11-16T03:08:33+00:00,0.3818,0
Long shot,2024-11-16T00:47:31+00:00,0.0,0
"Weekend Events in Blacksburg & the NRV for Nov. 15-17, 2024....",2024-11-15T22:00:27+00:00,0.0,0
Is BIT the most competitive major to get into for Pamplin?,2024-11-15T21:05:43+00:00,0.2484,0
Chalkboard use?,2024-11-15T17:44:02+00:00,0.0,0
Want some information as newbie,2024-11-15T17:31:57+00:00,0.0772,0
Lease Takeover,2024-11-15T16:23:21+00:00,0.0,0
Will Owens hold packages longer than 7 days?,2024-11-15T07:42:54+00:00,0.0,0
Foxridge lease renewal,2024-11-15T03:40:40+00:00,0.0,0
CEE 3604 vs 3804 Asynchronous Winter,2024-11-15T01:05:29+00:00,0.0,0
Transfer sublet,2024-11-15T00:41:53+00:00,0.0,0
Hard,2024-11-14T23:27:07+00:00,-0.1027,0
Changing Supervisor,2024-11-14T21:41:40+00:00,0.0,0
sublease whole apartment,2024-11-14T20:56:56+00:00,0.0,0
Questions about utilities (folks living in Heathwood area),2024-11-14T19:11:54+00:00,0.0,0
I need help,2024-11-14T19:06:08+00:00,0.0,0
Post grad,2024-11-14T14:04:46+00:00,0.0,0
Do bars let under 21's in w/ X's?,2024-11-14T02:25:26+00:00,0.0,0
National Anthem,2024-11-14T01:20:35+00:00,0.0,0
Question about Internet use,2024-11-14T01:00:38+00:00,0.0,0
I got a letter from the Cadet Corps as a highschool freshman,2024-11-14T00:08:22+00:00,0.0,0
"Sublease for spring -$850, 1 bed 1 bath, washer and dryer. 5 min walk to campus",2024-11-13T22:56:30+00:00,0.0,0
Transfer looking for sublease,2024-11-13T20:14:30+00:00,0.0,0
Off-campus housing waitlist,2024-11-13T18:02:39+00:00,0.0,0
Just snagged some guys grubhub order,2024-11-13T16:45:01+00:00,0.0,0
stealing someoneâ€™s grubhub order is the lowest of lows,2024-11-13T16:35:35+00:00,-0.7964,0
Anyone Got a Transfer Credit of CS 3744 From Other College?,2024-11-13T16:20:06+00:00,0.3818,0
Smartway Express,2024-11-13T15:50:00+00:00,0.0,0
Anyone going to Raleigh/Durham for Thxgiving weekend? (Or just nc area),2024-11-13T15:35:13+00:00,0.0,0
Spring transfer housing,2024-11-13T05:40:44+00:00,0.0,0
any international relations majors here?,2024-11-13T01:57:40+00:00,0.0,0
Will I be able to declare my major sophmore year as mechancial or electrical engineering if I apply as first-year engineering undecided?,2024-11-13T01:40:20+00:00,-0.2263,0
Spring Sublease Alight West *Female only*,2024-11-13T01:11:48+00:00,0.0,0
easiest cs capstone?,2024-11-12T21:54:32+00:00,0.4215,0
Spring 2025 Lease Transfer - Park37 Apartment,2024-11-12T21:30:01+00:00,0.0,0
Transfer credits,2024-11-12T17:34:25+00:00,0.3612,0
Has any one heard of the Blacksburg Country Club swinger group?,2024-11-12T15:02:14+00:00,0.0,0
Does anybody need a date to mil ball,2024-11-12T16:29:25+00:00,0.0,0
Spring Sublease,2024-11-12T16:24:14+00:00,0.0,0
question about piano practice rooms,2024-11-12T15:10:40+00:00,0.0,0
Road Test (DMV Christiansburg),2024-11-12T05:09:48+00:00,0.0,1
Things to do with Bf,2024-11-12T03:25:48+00:00,0.0,0
2025 Football Season,2024-11-12T02:59:08+00:00,0.0,0
What grade do I need in Math 1014 to qualify for Chem 1035?,2024-11-12T02:21:38+00:00,0.0,0
Concussion perspectives,2024-11-12T01:12:54+00:00,0.0,0
making friends as an adult in a new country,2024-11-12T00:38:50+00:00,0.4767,0
Looking for Pet-Friendly House for Rent,2024-11-11T23:12:48+00:00,0.0,0
Course request results,2024-11-11T23:00:00+00:00,0.0,0
Assistantships,2024-11-11T21:14:06+00:00,0.0,0
MechE Major w/ Business Minor,2024-11-11T20:48:31+00:00,0.0,0
Where to meet people (dating),2024-11-11T20:09:28+00:00,0.0,0
Housing Recommendations for 4 people (Furnished @ <$900/mo),2024-11-11T19:27:55+00:00,0.0,0
anyone part of any interesting engineering clubs/organizations or working on cool projects?,2024-11-11T18:22:30+00:00,0.6124,1
Spring Transfer Student Housing,2024-11-11T17:25:04+00:00,0.0,0
Spring class registration,2024-11-11T16:55:36+00:00,0.0,0
Breaking Housing Contract,2024-11-11T16:54:31+00:00,0.0,0
VT Food,2024-11-11T16:51:13+00:00,0.0,0
"Looking for STEM majors related to Master degree in Business Analytics, Statistics, Data science program",2024-11-11T10:06:25+00:00,0.0,0
Looking for housing,2024-11-11T09:59:54+00:00,0.0,0
Housing for 3 people,2024-11-11T06:09:55+00:00,0.0,0
Looking to connect with Virginia Tech graduate students both current and incoming,2024-11-11T02:56:28+00:00,0.0,0
For the love of god use your blinkers,2024-11-11T02:15:23+00:00,0.743,0
Where do queer people go on a Friday night?,2024-11-11T01:59:58+00:00,0.0,0
GPSS/Academic Conference Funding,2024-11-10T23:01:27+00:00,0.0,0
Major question from potential student,2024-11-10T22:32:07+00:00,0.0,0
Am I screwed?,2024-11-10T21:09:29+00:00,-0.4939,0
PhD in CPES,2024-11-10T17:34:58+00:00,0.0,0
Has anyone taken math 1225 over the winter and if so where? It doesn't have to be at tech.,2024-11-10T17:21:39+00:00,0.0,0
ride to nova for thanksgiving break,2024-11-10T17:06:52+00:00,0.0,0
Junior Year transfer,2024-11-10T16:45:52+00:00,0.0,0
"Going on now - Last B'burg Vintage Market of the year, Sun 10-5pm at the Farmers' Mkt on Draper",2024-11-10T16:45:33+00:00,0.0,0
Are there any secular groups on campus that discuss religion?,2024-11-10T14:56:50+00:00,0.0,0
Am I screwed?,2024-11-10T00:34:55+00:00,-0.4939,0
Face stickers for game day,2024-11-10T03:37:36+00:00,0.0,0
transfer programming + registration,2024-11-10T00:49:37+00:00,0.0,0
Thoughts on the game?,2024-11-10T00:37:04+00:00,0.0,0
Do American Football Games Have More Ads Than Action?,2024-11-09T23:35:48+00:00,0.0,0
Crowd Crush at Lane Stadium East stands,2024-11-09T22:02:37+00:00,-0.1531,0
NVCC to VT GAA requirement help!!!,2024-11-09T19:45:06+00:00,0.0,0
Spring 2025 Transfer looking for a property to rent,2024-11-08T22:34:18+00:00,0.0,0
Spring transfer event,2024-11-09T12:39:39+00:00,0.0,0
College experience | living off campus,2024-11-09T04:39:50+00:00,0.0,0
Whatâ€™s the weather like?,2024-11-09T02:50:06+00:00,0.3612,0
AP Scores - 3 in Calculus AB,2024-11-09T02:30:58+00:00,0.0,0
"21 Weekend Events for November 8-10, 2024....",2024-11-09T01:39:14+00:00,0.0,0
Rejected for Spring transfer,2024-11-09T00:25:19+00:00,-0.5106,0
Waitlisted,2024-11-09T00:22:32+00:00,0.0,0
What do you wish you knew before coming to VT?,2024-11-09T00:06:56+00:00,0.4019,0
"I know it's a long shot, but...",2024-11-08T23:23:08+00:00,0.0,0
Policy for Rescinding Admissions?,2024-11-08T23:17:39+00:00,0.0,0
Private Room Available for Rent,2024-11-08T22:02:14+00:00,0.0,0
Physics 2 tutoring?,2024-11-08T19:31:01+00:00,0.0,0
upscale barber salon,2024-11-08T18:55:59+00:00,0.0,0
Fun facts about VT?,2024-11-08T18:01:16+00:00,0.5106,0
Anyone got a syllabus for HORT 2164?,2024-11-08T17:08:39+00:00,0.0,0
Free Parking on Game Day,2024-11-08T15:51:47+00:00,0.5106,0
what happens if a package i ordered arrives during break?,2024-11-08T12:51:25+00:00,0.0,0
I20 timeline for international students at Virginia Tech,2024-11-08T10:32:09+00:00,0.0,0
IMP â€” in terms of RoI and job opp,2024-11-08T09:24:53+00:00,0.0,0
Is VTTV relevant anymore?,2024-11-08T01:36:16+00:00,0.0,0
Private rentals,2024-11-08T01:29:52+00:00,0.0,0
Bar scene question,2024-11-07T23:46:37+00:00,0.0,0
VT Transfer Questions,2024-11-07T21:50:43+00:00,0.0,0
Spring 2025 Housing,2024-11-07T21:32:58+00:00,0.0,0
Moving to Blacksburg/ Virginia Tech,2024-11-07T16:44:15+00:00,0.0,0
virginia tech vtap,2024-11-07T18:50:58+00:00,0.0,0
Does schiffert offer sedation for IUD,2024-11-07T17:39:35+00:00,0.0,0
Spring 2025 sublease,2024-11-07T17:38:09+00:00,0.0,0
Cybersecurity majors jobs? may 2025 undergrads,2024-11-07T17:09:14+00:00,0.0,0
Anyone down to play spades tonight?,2024-11-07T15:51:51+00:00,0.34,0
Has anyone taken ENSC 1016 online?,2024-11-07T15:33:15+00:00,0.0,0
Is the SRAR required for international students and if so when should VT receive it by (EA application),2024-11-07T14:42:14+00:00,0.0,0
2025 Spring Semester Transfer,2024-11-07T07:30:09+00:00,0.0,0
Math 1214 online or force add to 1225?,2024-11-07T03:46:18+00:00,0.0,0
you should be allowed to throw hands with your professor,2024-11-07T02:30:23+00:00,0.0,0
You know who you are ðŸï¸,2024-11-07T03:13:32+00:00,0.0,0
Sublease Avaliable,2024-11-07T02:19:27+00:00,0.0,0
Confusion about how declaring majors works,2024-11-06T23:40:15+00:00,-0.296,0
Lost airpods case in Torg,2024-11-06T23:09:03+00:00,-0.3182,0
Lost package?,2024-11-06T20:13:12+00:00,-0.3182,0
not doing well,2024-11-06T19:42:33+00:00,-0.2057,0
Best way to get to Nashville,2024-11-06T19:40:29+00:00,0.6369,0
Schiffert Shadowing,2024-11-06T18:03:47+00:00,0.0,0
Whatâ€™s going on at the north end of campus? Ambulances,2024-11-06T16:13:44+00:00,0.0,0
No Hot Water in War Memorial Hall Menâ€™s Showers for 2 Weeks,2024-11-06T15:57:13+00:00,-0.7269,0
Honor Code Violation?,2024-11-06T05:03:41+00:00,0.0,0
Does Virginia Tech conduct interviews for MS CS admissions?,2024-11-06T04:47:38+00:00,0.0,0
Economics 2006,2024-11-06T02:37:08+00:00,0.0,0
CS 4804 - Into to AI,2024-11-05T20:59:58+00:00,0.0,0
What time does course request end today?,2024-11-05T20:56:44+00:00,0.0,0
What Dorms would you recommend for tech?,2024-11-05T20:08:18+00:00,0.3612,0
Classy,2024-11-05T16:30:58+00:00,0.4404,0
How much time do grad students get off for thanksgiving?,2024-11-05T14:35:56+00:00,0.0,0
Election watch party on campus?,2024-11-05T13:15:53+00:00,0.4019,0
is it bad to graduate early,2024-11-05T05:04:17+00:00,-0.5423,0
where to find info about water and electricity billing from the town of Blacksburg?,2024-11-05T02:28:44+00:00,0.0,0
Transfer of Admission from MS to MEng,2024-11-05T02:07:56+00:00,0.0,0
Need a technical elective? AOE 2114!,2024-11-05T01:40:11+00:00,0.0,0
Math 2214 at Tech or CC?,2024-11-04T23:58:52+00:00,0.0,0
Voting,2024-11-04T23:16:17+00:00,0.0,0
Why do teachers here have either none or very little rate my professor reviews?,2024-11-04T22:11:02+00:00,0.0,0
Looking to Transfer my lease at Terrace View for next semester,2024-11-04T21:12:20+00:00,0.0,0
Computer Engineering PoS Advice,2024-11-04T20:45:15+00:00,0.0,0
How are Vue Apartments? Specifically is it an issue being so close to the airport.,2024-11-04T20:35:49+00:00,0.0,0
YAL Chapter,2024-11-04T20:21:41+00:00,0.0,0
What is the most useful CS Elective?,2024-11-04T20:20:00+00:00,0.4927,0
Anyone need a place to stay January - May 2025? Looking to sublease my place,2024-11-04T19:39:29+00:00,0.0,0
Is My Schedule Too Much/Any Tips? (General Engineering Student planning on doing Mechanical).,2024-11-04T17:47:18+00:00,0.0,0
Why so many car alarms??,2024-11-04T15:22:00+00:00,-0.4066,0
CpE/CE Sophomore Fall Courseload in Freshman Spring?,2024-11-04T14:41:51+00:00,0.0,0
Healthy campus food,2024-11-04T14:35:42+00:00,0.4019,0
Cook counseling,2024-11-04T10:48:49+00:00,0.0,0
"My gpa is about to fall below 2.0 after this semester, what does this mean?",2024-11-03T23:17:18+00:00,0.0,0
Tips for ECE 2544?,2024-11-03T22:53:46+00:00,0.0,0
How's the wildlife conservation major?,2024-11-03T20:45:08+00:00,0.0,0
Intro to Differential Equations vs Multivariate Calculus,2024-11-03T17:31:04+00:00,0.0,0
frat markings,2024-11-03T14:52:35+00:00,0.0,0
When will it be a good time to apply to Boeing?,2024-11-03T08:07:37+00:00,0.4404,0
Food recommendations for Gamedays?,2024-11-03T13:56:17+00:00,0.0,0
A bite to remember,2024-11-03T04:56:02+00:00,0.0,0
CHN 3474 Topics in Chinese Cinema-Is it easy?,2024-11-03T04:40:51+00:00,0.4404,0
Would it be possible to poach Shane Beamer from USC?,2024-11-03T03:14:51+00:00,0.0,0
Considering coming here for PhD what apartments do you recommend,2024-11-03T02:06:03+00:00,0.3612,0
2am Ubers from Blacksburg > Roanoke a thing?,2024-11-03T00:40:53+00:00,0.0,0
Sublease Spring 2024 - First month rent free!,2024-11-03T00:21:22+00:00,0.5562,0
physics 2305 or bio 1105 as a CS major,2024-11-02T23:52:48+00:00,0.0,0
The sad irony of trying to make a coaching change this year,2024-11-02T22:24:24+00:00,-0.5106,0
Voting on campus Question(s),2024-11-02T21:12:27+00:00,0.0,0
Pry needs to be done,2024-11-02T20:08:21+00:00,0.0,0
When will we play all 4 quarters?,2024-11-02T18:34:49+00:00,0.34,0
Iowa State vs Virginia Tech | Computer science,2024-11-02T17:20:31+00:00,0.0,0
General Engineering Question,2024-11-02T17:06:44+00:00,0.0,0
Drones is out!!!!,2024-11-02T16:08:21+00:00,0.0,0
Where could I park my car for free or cheap as an on campus student?,2024-11-02T15:06:36+00:00,0.5106,0
VA Tech doesnâ€™t read common app essay?,2024-11-02T02:47:24+00:00,0.0,1
MS CS 2025 Spring Admissions Decisions Rolling Out,2024-11-02T02:28:54+00:00,0.0,0
Weekend Events for 1st Weekend in November....,2024-11-02T01:13:40+00:00,0.0,0
Favorite/Most important ME class,2024-11-01T23:15:27+00:00,0.2023,0
Transfer Application,2024-11-01T21:47:09+00:00,0.0,0
Sunrise Suggestions? ðŸŒ„,2024-11-01T16:01:14+00:00,0.0,0
Apartments on N. Main,2024-11-01T08:53:21+00:00,0.0,0
Anyone Know Whatâ€™s Going on at Pritchard?,2024-11-01T05:04:52+00:00,0.0,0
Good Hair Salons?,2024-11-01T00:18:26+00:00,0.4404,0
halloween party infidelity scout for hire,2024-10-31T23:02:45+00:00,0.4019,0
Geog 4074 Med Geog Infectious diseases,2024-10-31T21:42:17+00:00,0.0,0
Transfer Decision for spring,2024-10-31T21:28:19+00:00,0.0,0
Ride to JMU,2024-10-31T20:23:52+00:00,0.0,0
Info on MGT/ENGE/IDS 4094: Startup: Commercialization of Innovation,2024-10-31T20:08:58+00:00,0.3818,0
Is my apartment ripping me off?,2024-10-31T20:01:49+00:00,0.0,0
Missing Rings,2024-10-31T19:57:37+00:00,-0.296,0
Halloween Rundown of Local Events.....,2024-10-31T19:43:53+00:00,0.0,0
Anyone know whatâ€™s in a Casey Special?,2024-10-31T15:04:22+00:00,0.4019,0
GO VOTE - YOU WON'T REGRET IT!,2024-10-31T13:12:33+00:00,0.4882,0
Help me plan a date,2024-10-31T05:50:49+00:00,0.0,0
User Flair Update - flair images are visible again!,2024-10-31T05:21:06+00:00,0.0,0
Costumes this weekend,2024-10-31T03:04:51+00:00,0.0,0
Course Request with Change Of Major,2024-10-31T02:54:50+00:00,0.0,0
Police chase ends at South Main / Roanoke Street intersection,2024-10-31T01:55:35+00:00,0.0,0
HokieSPA not loading?,2024-10-31T01:15:32+00:00,0.0,0
Acceptance rates?,2024-10-31T01:13:38+00:00,0.4588,0
Electives in animal/dairy science?,2024-10-30T21:40:51+00:00,0.0,0
Lost Apple Pencil 2nd Generation,2024-10-30T21:39:10+00:00,-0.3182,0
Gen physics,2024-10-30T21:33:09+00:00,0.0,0
FOXRIDGE RANT,2024-10-30T20:12:56+00:00,-0.34,0
Undergrad Research Question: NEM Lab,2024-10-30T20:39:16+00:00,0.0,0
Freshman feeling very discouraged,2024-10-30T18:04:45+00:00,-0.3597,0
Prof Han?,2024-10-30T17:57:13+00:00,0.0,0
Where are the microwaves on campus?,2024-10-30T17:44:01+00:00,0.0,0
Mask in bars,2024-10-30T12:55:41+00:00,0.0,0
Need volunteer hours? Robotics Tournament Saturday November 16th!,2024-10-30T12:48:43+00:00,0.0,0
which microbiology class should i take,2024-10-30T04:50:44+00:00,0.0,0
Smoke spots,2024-10-30T01:56:23+00:00,0.0,0
"is it true that Virginia Tech takes very less admits for MS CS in spring, and does not appoint TA's from spring? Any Current students who can shed light?",2024-10-30T01:44:54+00:00,0.6537,0
Transfer question,2024-10-30T01:33:57+00:00,0.0,0
Is Canvas down again?? for anyone else,2024-10-29T23:21:31+00:00,0.0,0
Hokie House Trash Can,2024-10-29T21:23:39+00:00,0.0,0
Parking passes near Litton Reaves for Clemson?,2024-10-29T21:20:34+00:00,0.0,0
HNFE Post-Grad Jobs?,2024-10-29T20:13:57+00:00,0.0,0
Anyone taken PSCI 2164?,2024-10-29T18:36:36+00:00,0.0,0
Thank you for turning in my AirPod Case,2024-10-29T18:03:26+00:00,0.3612,0
To the people who use the restroom in Sandy Hall,2024-10-29T15:43:07+00:00,0.0,0
Man severely injured outside Cowgill Hall this morning,2024-10-29T15:37:40+00:00,-0.6908,0
CEE 3304 Fluids Lab 6,2024-10-29T14:52:41+00:00,0.0,0
Secondary Focus,2024-10-29T14:15:26+00:00,0.0,0
Chicken noodle soup on campus?,2024-10-29T13:23:42+00:00,0.0,0
Canvas login down for anyone?,2024-10-29T03:39:22+00:00,0.0,0
Medicinal Chemistry and general Chem,2024-10-29T02:19:09+00:00,0.0,0
[VT football] The Syracuse Horror Dome,2024-10-29T01:16:57+00:00,-0.5719,0
Intellectual Property Courses this Spring,2024-10-28T22:14:03+00:00,0.5106,0
Vt haunt 2024,2024-10-28T21:04:46+00:00,-0.4019,0
Amtrak,2024-10-28T20:55:15+00:00,0.0,0
Is ECE sophomore year always like this?,2024-10-28T20:38:35+00:00,0.3612,0
1711 Apartments,2024-10-28T20:31:34+00:00,0.0,0
Halloween weekend events,2024-10-28T16:56:44+00:00,0.0,0
How is CS 5764 Information Visualization?,2024-10-28T16:24:52+00:00,0.0,0
Transferring to VT as a CS major,2024-10-28T15:02:39+00:00,0.0,0
Average time to process a package??????,2024-10-28T13:49:24+00:00,0.0,0
Exploring majors before joining,2024-10-28T11:52:10+00:00,0.0,0
EE question,2024-10-28T02:33:53+00:00,0.0,0
Possible 3rd year transfer for spring semester,2024-10-28T01:07:01+00:00,0.0,0
Blacksburg transit and intoxicated student safety,2024-10-27T22:46:11+00:00,0.4215,0
Favorite/Most important ECE class,2024-10-27T22:13:44+00:00,0.2023,0
Thanksgiving Break,2024-10-27T20:02:02+00:00,0.0,0
Any local artists that can do a portrait of me?,2024-10-27T17:32:20+00:00,0.0,0
Looking for girl roommate!,2024-10-27T17:15:24+00:00,0.0,0
Mccomas banned dslr's?,2024-10-27T17:01:57+00:00,-0.4588,0
Hokie Stone?,2024-10-27T15:40:02+00:00,0.0,0
"Today (Sun Oct 27, 10-5pm) Blacksburg Vintage Market Halloween Special @ the Downtown Bâ€™Burg Farmers Market on Draper across from 7-11, same block as Bennies.",2024-10-27T13:01:14+00:00,-0.0516,0
amtrak pm bus,2024-10-27T05:30:25+00:00,0.0,0
Hosting a VT Anarchy Minecraft Java Server!,2024-10-27T01:36:06+00:00,0.0,0
Perry Street Garage on Weekends,2024-10-27T04:28:51+00:00,0.0,0
Good fishing spots?,2024-10-27T03:55:09+00:00,0.4404,0
Hosting a VT Anarchy Minecraft Java Server,2024-10-27T03:15:23+00:00,0.0,0
Under 21 Halloweekend,2024-10-27T00:01:59+00:00,0.0,0
How to not get scammed when buying fb tickets,2024-10-26T22:24:46+00:00,0.0,0
Football Turkey Leg,2024-10-26T20:26:25+00:00,0.0,0
Looking for Halloween end parties tonight anyone have connections? Saturday oct 26th,2024-10-26T18:37:15+00:00,0.4019,0
Biol 2704,2024-10-26T16:50:22+00:00,0.0,0
Spring 2025 transfer results,2024-10-26T16:40:28+00:00,0.0,0
Is deets still doing their open mics this semester????,2024-10-26T15:31:08+00:00,0.0,0
SAT Tutor?,2024-10-26T14:25:16+00:00,0.0,0
can i park around burruss during game days,2024-10-26T13:00:59+00:00,0.0,0
Have alternates been picked for housing yet?,2024-10-26T03:47:31+00:00,0.0,0
Question about dining hiring in Virginia Tech,2024-10-26T03:11:57+00:00,0.0,0
Anyone know which of the ENGE 1216 projects would give me more experience as a programmer?,2024-10-25T21:19:22+00:00,0.0,1
Parade tonight?,2024-10-25T19:49:22+00:00,0.0,0
Housing for Spring Transfers?,2024-10-25T19:04:50+00:00,0.0,0
Band Rehearsal Space w/ Drums,2024-10-25T16:33:21+00:00,0.0,0
Game Experience (Recap from neutral fan),2024-10-25T08:09:04+00:00,0.3182,0
MUS 1124,2024-10-25T05:21:06+00:00,0.0,0
is anyone here still searching for jobs?,2024-10-25T02:16:18+00:00,0.0,0
"MATH 3214 professors- Profs. Kasebian, Wapperom or Pratt?",2024-10-25T00:49:34+00:00,0.0,0
FIN 3144 - Edelen or Kadlec?,2024-10-25T00:35:30+00:00,0.0,0
Learning to backflip,2024-10-25T00:10:05+00:00,0.0,0
tutoring for ECE 2544 and computational,2024-10-24T22:26:56+00:00,0.0,0
Does using a citation generator count as an honor code violation?,2024-10-24T21:14:06+00:00,0.0,0
What time do donor lots open up on game day?,2024-10-24T21:01:05+00:00,0.0,0
Looking for Spring 2025 Sublease,2024-10-24T20:34:32+00:00,0.0,0
NEED HELP! With ssh into ARC,2024-10-24T19:15:36+00:00,0.0,0
Music Appreciation?,2024-10-24T18:06:06+00:00,0.5106,0
I Made a Website with VT Grade Distributions & Professor Ratings - Would Love Your Feedback!,2024-10-24T17:48:52+00:00,0.6696,0
Who are your favorite VT sports photographers?,2024-10-24T16:13:06+00:00,0.4588,0
Looking for easy CS class to finish my minor,2024-10-24T13:06:55+00:00,0.4404,0
Gaga ball?,2024-10-24T10:57:48+00:00,0.0,0
GPA,2024-10-24T06:01:49+00:00,0.0,0
Available off-campus housing starting December 2024. Recommendations on where to post off-campus housing listing?,2024-10-24T04:16:28+00:00,0.0,0
family emergency?,2024-10-24T02:41:22+00:00,-0.3818,0
Good Multi Calc Professors,2024-10-24T01:48:33+00:00,0.4404,0
MATH 1014 online or virtual.,2024-10-24T01:14:22+00:00,0.0,0
CS Job Opportunities,2024-10-23T23:37:24+00:00,0.3818,0
Pledge Attire,2024-10-23T21:54:21+00:00,0.0,0
Pathway 2 Classes,2024-10-23T14:34:37+00:00,0.0,0
Nelson or Osborne,2024-10-23T13:57:03+00:00,0.0,0
Principles of Management (MGT 3404),2024-10-23T06:57:12+00:00,0.0,0
MGT-2114,2024-10-23T06:43:56+00:00,0.0,0
Looking for volleyball lovers,2024-10-23T05:14:45+00:00,0.5267,0
Play Tennis!,2024-10-23T05:18:29+00:00,0.4003,0
Spring 2025 Housing - Subleasing,2024-10-22T19:19:49+00:00,0.0,0
When do Chem 1036 TA applications come out?,2024-10-23T00:04:11+00:00,0.0,0
Where can I find going out clothes?,2024-10-22T23:06:22+00:00,0.0,0
Saw a beagle running across South Main about 10 minutes ago,2024-10-22T22:35:24+00:00,0.0,0
How can I prove residency while living on campus?,2024-10-22T22:26:31+00:00,0.0,0
OChem 1 with Shannon Saluga?,2024-10-22T20:58:20+00:00,0.0,0
What science class should I take?,2024-10-22T20:46:06+00:00,0.0,0
Accenture Offer Status,2024-10-22T20:03:48+00:00,0.0,0
BT Busses,2024-10-22T19:13:57+00:00,0.0,0
Do Americans even know how roundabouts work?,2024-10-22T14:48:39+00:00,0.0,0
Invitation to Participate in a Participatory Design Workshop for Research Software Engineers,2024-10-22T18:02:48+00:00,0.0,0
Parking for this weekend,2024-10-22T17:43:50+00:00,0.0,0
Additional Times,2024-10-22T15:29:56+00:00,0.0,0
Chem 1036 equivalents?,2024-10-22T13:34:00+00:00,0.0,0
"Anyone concerned about the suspicious amount of ""I don't party/drink"" posts on this sub recently?",2024-10-22T04:32:57+00:00,-0.3612,0
Snow in Blacksburg,2024-10-21T23:16:06+00:00,0.0,0
Anyone taking ENGL 3844? (Writing and Digital Media),2024-10-21T22:57:31+00:00,0.0,0
Cryptography or Numerical Methods for CS Major + Math Minor,2024-10-21T22:03:59+00:00,0.0,0
"Which one should I take, and with who?",2024-10-21T18:02:11+00:00,0.0,0
Lot 3 RV pass questions,2024-10-21T16:47:07+00:00,0.0,0
Free electives,2024-10-21T16:35:14+00:00,0.5106,0
Anyone know what happened on Prices Fork/West Campus Dr just now?,2024-10-21T15:53:48+00:00,0.0,0
Easy classes to take for Math Minor?,2024-10-21T14:57:04+00:00,0.4404,0
Is halloweekend this weekend or the following weekend?,2024-10-21T12:48:52+00:00,0.0,0
PHYS 2306 Recitation Swap,2024-10-21T03:37:44+00:00,0.0,0
