title,date,sentiment
Hair salon recommendations?,2024-09-30 02:37:07,0.0
BIOL 300 first midterm advice?,2024-09-30 02:01:11,0.0
is it safe to walk alone at 3am?,2024-09-30 01:27:18,0.2263
Where to buy a Rubik's cube for really cheap,2024-09-29 23:49:07,0.0
hist202 midterm,2024-09-29 21:19:41,0.0
ENGL 355 Midterm Help,2024-09-29 20:43:12,0.0
Setting up a printer on mcgill wifi,2024-09-29 19:38:27,0.0
Math Midterm Studying Tips,2024-09-29 18:52:13,0.0
Accidentally dropped out,2024-09-29 17:47:36,-0.34
Comp 558 Assignment 1,2024-09-28 23:08:18,0.0
Work-study program,2024-09-29 04:01:08,0.0
POLI341 midterm,2024-09-28 23:57:26,0.0
montreal is so pretty when it's sunny i am not prepared for winter,2024-09-28 20:27:29,0.7392
Japanese restaurant recs?,2024-09-28 17:06:08,0.0
3 midterms on the same day,2024-09-28 14:18:29,0.0
Difficulty in finding friends as Graduate Student,2024-09-28 07:29:19,0.1779
what is the largest size of paper that mcgill prints?,2024-09-28 04:22:58,0.0
Two other exams during a 72-hour exam,2024-09-28 01:04:03,0.0
Masters in McGill long term plan,2024-09-28 02:08:19,0.0
Lost Waterbottle in 13 McConnell,2024-09-28 01:31:06,-0.3182
"Does anyone have a physical copy of ""Woman of Colour"" by Dominique Lyndon??",2024-09-27 19:20:25,0.0
deferral to winter due to caq,2024-09-27 18:49:38,0.0
ECON 227 and CEGEP MATH 203 exemptions,2024-09-27 18:01:39,0.0
CS vs Soft eng at Mcgill,2024-09-27 16:29:51,0.0
Fire alarm in Stewart Bio?,2024-09-27 17:43:34,-0.5859
Rant about loud keyboards,2024-09-27 13:37:32,-0.34
Doing a minor without a major / with a Master's,2024-09-27 12:38:36,0.0
Med school transcript submission,2024-09-26 23:11:18,0.0
REAL TALK FRIDAY,2024-09-27 04:00:29,0.0
Placement test concern/question,2024-09-27 02:02:20,0.0
"Currently in gr9, and worrying about ECs.",2024-09-27 00:25:50,-0.34
Whatâ€™s this number 3-4-5,2024-09-26 22:14:05,0.0772
Graduate studies in environment at McGill?,2024-09-26 17:14:52,0.0
psyc211 midterm,2024-09-26 19:31:11,0.0
PSA for those from BC,2024-09-26 20:15:34,0.0
Need 4 more credits to graduate,2024-09-26 20:09:22,0.4201
Best water bottle filling stations?,2024-09-26 14:43:44,0.6369
Saving seats,2024-09-26 15:00:01,0.0
Mac vs Windows,2024-09-26 15:33:15,0.0
Tips for managing 3 midterms on the same day,2024-09-26 15:46:02,0.0
Shoutout to whoever left a box of pads in the McConnell basement bathroom <3,2024-09-26 16:06:14,0.4404
"SSMU health insurance, deferred tuition fees",2024-09-26 14:49:08,0.0
PSYC 215 advice,2024-09-26 01:21:20,0.0
How important is it as an engineer to be part of a design team,2024-09-26 11:49:38,0.2023
Course change,2024-09-26 03:41:37,0.0
masters (course based) in engineering,2024-09-26 02:16:49,0.0
Tech fair day 1,2024-09-25 21:09:56,0.3182
396 in physiology,2024-09-25 20:53:11,0.0
1 credit classes?,2024-09-25 21:35:02,0.3818
device support @mcgill/around campus?,2024-09-25 18:51:43,0.4019
Anyone know why there are a bunch of support and intervention cops outside the Roddick gates in riot gear?,2024-09-25 18:50:42,-0.2263
ANTH213 w/ Alyssa Bader,2024-09-25 18:38:43,0.0
Ling 411,2024-09-25 17:14:35,0.0
How is the Astrobiology (EPSC186) course?,2024-09-25 15:20:21,0.0
Electives for winter term?,2024-09-25 14:49:44,0.0
Prayer spots on campus,2024-09-25 02:45:04,0.0
Any freely accessible sewing machines on campus?,2024-09-25 05:12:45,0.4404
Anyone play magic the gathering?,2024-09-25 03:36:03,0.34
retaking unrequried course,2024-09-25 02:37:58,0.0
Come play Yugioh at mcgill with us!!,2024-09-25 02:28:10,0.4559
Eng Clubs: Rocket vs Formula1 team,2024-09-24 22:10:57,0.0
MUNACA (McGill Admin Staff Union) Summer BBQ Tomorrow!,2024-09-24 17:50:15,0.0
Credit transfer(math & computer),2024-09-24 21:16:36,0.3818
People with tablets in front of Roddick gates,2024-09-24 20:10:46,0.0
First tech fair,2024-09-24 20:12:22,0.3182
Psyc 215,2024-09-24 01:17:54,0.0
anth 213,2024-09-24 17:06:39,0.0
Can final exam dates change?,2024-09-24 17:40:21,0.0
Looking for research participants | Sexual Problems among Gay/Bisexual Men with HIV in Montreal,2024-09-24 17:26:23,-0.4019
To the people wearing masks during classes,2024-09-24 15:03:12,0.0
Health Care for Out of Province Student,2024-09-24 13:21:44,0.4939
BIOL 111 Tips and Tricks,2024-09-24 14:29:15,-0.128
accessibility,2024-09-24 13:44:35,0.0
Psyc 211,2024-09-24 04:02:43,0.0
Apple picking emergency!!!,2024-09-24 03:31:29,-0.5386
Tentative finals' schedule dropped,2024-09-24 03:17:21,0.0
bio 200,2024-09-24 02:41:43,0.0
Making Notes for Exams,2024-09-24 00:27:02,0.0
Russ 210/211,2024-09-23 23:36:16,0.0
Grad school LORs,2024-09-23 23:20:59,0.0
LebanonðŸ’”,2024-09-23 23:04:05,0.0
Does Bar des Arts (BDA) let non McGill students in?,2024-09-23 21:56:35,0.0
HOW TO GET INVOLVED,2024-09-23 21:15:39,0.0
Where to find microwaves,2024-09-23 21:07:15,0.0
I am so confused.,2024-09-23 17:45:48,-0.4572
PSYC213 with Brendan Johns,2024-09-23 18:24:14,0.0
no linguistics merch feeling super left out </3,2024-09-23 16:12:32,-0.2023
How long does it take to get a refund?,2024-09-23 15:53:40,0.0
Can professors from different departments be a supervisor for COMP396 ?,2024-09-23 15:31:04,0.0
How large is mcgill compared to other Canadian unis?,2024-09-23 15:14:18,0.0
Weird that all of my classes got cancelled totday,2024-09-23 14:44:07,-0.4019
Soci 213 Notes,2024-09-23 13:25:04,0.0
Need Help deciding M.Sc. Non-Thesis or Thesis in Computer Science - Advice Appreciated!,2024-09-23 05:19:47,0.5562
"BIOL201, ANAT212 OR ANAT262?",2024-09-23 04:50:20,0.0
good news monday,2024-09-23 04:00:45,0.4404
Finding pals in my COMP classes,2024-09-23 00:52:32,0.0
B2 Gym,2024-09-22 22:02:11,0.0
OPUS Card at Berri-UQAM,2024-09-22 22:05:25,0.0
Frat clubs,2024-09-22 17:19:00,0.0
What do I do if I don't want to fast-track anymore,2024-09-21 18:51:42,-0.0572
Manaba tickets!,2024-09-21 15:59:40,0.0
How are students in the same courses / programs communicating with each other these days ?,2024-09-21 15:15:01,0.0
McGill Part-time Jobs,2024-09-21 02:45:35,0.0
DHL Science,2024-09-20 23:28:34,0.0
How can I receive money internationally without paying huge fees???,2024-09-21 00:15:16,-0.3616
COMP 350 How the h3ll to succeed if no tutorials or office hours,2024-09-21 00:33:53,0.25
How does the SciLearn peer collaboration work?,2024-09-21 00:21:54,0.0
"to the two women who yelled ""regina"" twice in schulich 6th floor",2024-09-20 23:30:22,0.0
Mac campus food,2024-09-20 21:34:36,0.0
advice on how to reschedule a midterm for religious reasons,2024-09-20 20:34:32,0.0
Have a UdeM Law JD GPA of 3.23. Should I even bother applying for McGill Engineering?,2024-09-20 19:15:47,-0.34
How do you view McGill's reputation?,2024-09-20 18:44:00,0.0
How do you find the new dining halls?,2024-09-20 18:05:44,0.0
how to study for poli 340 midterm (brynen),2024-09-20 15:56:20,0.0
PhD Students- Can we do volunteer in research labs at US universities?,2024-09-20 17:29:40,0.0
McGill clubs for slavic people?,2024-09-20 17:12:12,0.0
contacting club members,2024-09-20 16:59:50,0.0
antisemitic acts on campus,2024-09-20 15:17:16,0.0
student arrest?,2024-09-20 13:19:36,-0.34
REAL TALK FRIDAY,2024-09-20 04:00:27,0.0
COMP 360 HELP,2024-09-20 02:06:57,0.0
Applying for Graduation - name longer than character spaces allowed,2024-09-20 00:06:38,0.0
Manaba tickets,2024-09-19 21:56:03,0.0
How did upper rez survive the walk in winter? Me in 2 months.,2024-09-19 21:39:27,0.0
Where's that Graduate Federal Funding?,2024-09-19 20:32:51,0.0
Redpath lost & found,2024-09-19 18:33:31,-0.3182
Any math profs you loved?,2024-09-19 18:31:33,0.5994
how to download lecture recordings?,2024-09-19 18:22:58,0.0
First aid certification,2024-09-19 16:45:39,0.0
What is happening with Gerts!!!,2024-09-19 15:18:01,0.0
Is there a bodyweight scale at the mcgill gym?,2024-09-19 05:25:52,0.0
Aide financiere aux etudes,2024-09-19 05:44:31,0.0
How do i get a refund if i dropped all my classes?,2024-09-19 04:10:42,0.0
"Student loan/aid late, affecting ability to stay at McGill. To withdraw / defer / LOA?",2024-09-19 02:41:00,0.0258
Transfer from BSc SOEN to COOP BEng SOEN,2024-09-19 02:07:00,0.0
chill band??? YES???,2024-09-18 03:36:06,0.659
Hinduism and Buddhism course study group,2024-09-18 18:45:39,0.0
OPUS issue,2024-09-18 18:05:28,0.0
Legal protection program,2024-09-18 19:17:56,0.128
Waitz App,2024-09-18 18:51:58,0.0
Tips and tricks to get an A in Math240 with MacDonald?,2024-09-18 01:27:06,-0.128
Econ 208 textbook how???,2024-09-17 19:43:27,0.0
ECON 251D1 - Budget Constraint,2024-09-17 23:41:29,0.0
Where can I get help administering an injection?,2024-09-17 21:51:38,0.0
Econ 208,2024-09-17 17:28:31,0.0
QUICK: napping spots on McGill campus,2024-09-17 16:48:49,0.0
McGill MATH 141,2024-09-17 16:38:35,0.0
phgy311,2024-09-17 15:58:30,0.0
EDKP 330,2024-09-17 04:33:16,0.0
lee n kim cuisine,2024-09-17 15:13:35,0.0
Someone please help me out I donâ€™t know what to do,2024-09-17 04:05:07,0.3182
How bad would a withdraw look like on my transcript,2024-09-16 23:47:39,-0.25
Is 6 courses in a semester suvivable for a student in honours,2024-09-16 22:43:20,0.4939
Concordia vs. McGill,2024-09-16 22:25:31,0.0
Table Tennis Club and Team Registration!,2024-09-16 22:19:37,0.0
dwindling mental health,2024-09-16 21:48:15,0.0
Research in engineering,2024-09-16 21:30:15,0.0
PHIL 200,2024-09-16 18:43:08,0.0
Math524 or Math525,2024-09-16 19:26:56,0.0
MATH 423 discussion group,2024-09-16 21:13:38,0.0
massive impostor syndrome,2024-09-16 20:51:00,0.0
MATH 223 advice youtube lecture,2024-09-16 17:19:33,0.0
Classmate made unconsented physical contact,2024-09-16 20:37:26,0.0
Mandyâ€™s salads on campus???,2024-09-16 19:18:13,0.0
HackHarvard team,2024-09-16 15:57:02,0.0
PHGY212 Group Partner,2024-09-16 15:31:03,0.0
CLAS 201 (Greece and Rome),2024-09-16 15:46:34,0.0
SSMUâ€™s email is a total disgrace,2024-09-16 16:18:59,-0.5413
ECON 251D1 - Budget Constraint,2024-09-16 15:30:22,0.0
tips for phys 131?,2024-09-16 04:06:38,0.0
Opinions on shared housing?,2024-09-16 05:26:29,0.34
PSYC 215 Social Psychology - Syllabus,2024-09-16 06:59:06,0.0
good news monday,2024-09-16 04:00:46,0.4404
Forest bathing ??,2024-09-16 03:18:13,0.0
Lettuce Club,2024-09-15 20:41:50,0.0
Legal Document Missing,2024-09-15 18:04:40,-0.1779
I want to go to McGill for my Masterâ€™s in the future. How hard is it to get medication as an international student?,2024-09-15 18:08:16,-0.0258
Course selection in Stats&CS,2024-09-15 16:08:08,0.0
"Documentation is missing, you risk de registration",2024-09-15 12:28:13,-0.5106
Legal documents - Study permit,2024-09-15 13:35:01,0.128
urgent health thing! (international student),2024-09-15 05:55:36,0.2714
COMP 273 or MATH 240 Study Group,2024-09-15 04:16:46,0.0
Commerce Courses - Recommendations,2024-09-15 02:33:50,0.0
