Title,Date
PSYC 102 FINAL GRADES,2024-12-03T02:00:50+00:00
Psyc 102 Alyssa Croft,2024-12-03T01:24:45+00:00
Lost Wallet in WMC,2024-12-03T00:54:36+00:00
Any easy or online humanities breadth courses?,2024-12-03T00:24:41+00:00
Computing Science Program,2024-12-03T00:12:13+00:00
Found student ID in room C9001 CMPT 120,2024-12-03T00:12:00+00:00
Does anyone have any information about MPCS Visual Computing?,2024-12-02T20:56:05+00:00
Bad conversation starters,2024-12-02T20:18:31+00:00
WL 101W - Course Recommendation,2024-12-02T19:53:30+00:00
IAT106 FINAL EXAM,2024-12-02T19:19:21+00:00
Data Science vs Statistics with cs minor,2024-12-02T19:06:41+00:00
Bus251,2024-12-02T18:06:49+00:00
anyone studying for BUS 254 finals?,2024-12-02T08:25:25+00:00
EducationPlannerBC,2024-12-02T06:17:33+00:00
LockDown Browser/Respondus,2024-12-02T06:09:33+00:00
Anyone know how quick it is to get your official transcript in person?,2024-12-02T06:05:35+00:00
Procrastinating during finals szn,2024-12-02T05:30:59+00:00
Can I graduate if I get a D on an elective?,2024-12-02T04:44:18+00:00
is canvas down or is my laptop just buggin?,2024-12-02T04:07:32+00:00
I heard a group of students all emailing Joy Johnson other people in similar positions at SFU,2024-12-02T02:22:53+00:00
BPK 140 with Ramer is such a joke..,2024-12-02T01:08:53+00:00
Question regarding academic withdrawal,2024-12-02T00:54:52+00:00
Phil 100W,2024-12-02T00:53:32+00:00
What to do in group assignments where a member used AI?,2024-12-02T00:02:34+00:00
Are water bottles allowed in the final exams?,2024-12-01T21:39:52+00:00
Are water bottles allowed in the final exams?,2024-12-01T21:39:28+00:00
Parking Available Spring 2025 - M and Th,2024-12-01T16:35:27+00:00
Advice on what to do on the day of a 7-10 pm final,2024-12-01T10:26:33+00:00
MTH 101 and MATH 157,2024-12-01T07:25:56+00:00
waitlisted for course with space?,2024-12-01T04:55:14+00:00
Retelling my story,2024-12-01T03:16:34+00:00
Phil 120W exam (Samuel black) study tips,2024-12-01T03:08:32+00:00
In some ways I almost feel bad for the teens,2024-12-01T02:08:38+00:00
SFU PDP + UBC education 2025,2024-12-01T01:27:19+00:00
PDP LAB SCIENCE COURSE QUESTION...PLEASE REPLY,2024-11-30T21:07:30+00:00
is it possible to pass math 150/151 even though you fail the final exam?,2024-11-30T11:27:21+00:00
Failing a Class & COOP,2024-11-30T09:01:00+00:00
Help me decide between these two courses please,2024-11-30T08:45:09+00:00
Beedie TA Experience,2024-11-30T08:43:53+00:00
goons,2024-11-30T07:48:34+00:00
GERO 101,2024-11-30T04:37:07+00:00
SFU students are calling out harassment on campus,2024-11-30T04:21:40+00:00
Would you take it,2024-11-30T03:39:00+00:00
How do I cover my prescriptions with the blue cross insurance thing?,2024-11-30T03:12:27+00:00
Easiest STAT course,2024-11-30T01:45:34+00:00
Do they actually fail people in CMPT 120 if their combined midterm and final marks aren‚Äôt at a passing average?,2024-11-29T20:08:04+00:00
Health Coverage Questions,2024-11-29T20:03:59+00:00
is this too much?,2024-11-29T18:46:08+00:00
TA offers,2024-11-29T07:26:53+00:00
Sfu/Ubc pdp transfer courses,2024-11-29T06:31:31+00:00
GPA boosting academics,2024-11-29T04:33:07+00:00
SFU PDP REQUIREMENTS QUESTION....PLEASE REPLY,2024-11-29T01:54:42+00:00
How long is the poster sale on for?,2024-11-29T00:23:36+00:00
Anyone selling relx device with 5% pods ?,2024-11-28T21:46:52+00:00
I need urgent help with a course,2024-11-28T18:53:17+00:00
Considering Dropping out,2024-11-28T16:12:01+00:00
writing papers,2024-11-28T10:42:20+00:00
CRIM 135,2024-11-28T08:01:09+00:00
I made a gamified task manager because regular todo-apps are boring,2024-11-28T06:19:55+00:00
Experiences with Sheena Tan?,2024-11-28T05:58:35+00:00
Encounter at aq tables: hope you‚Äôre okay.,2024-11-28T02:30:17+00:00
Picked up a poster earlier and this is the only thing I can think of now...,2024-11-28T00:06:18+00:00
Major Deceleration,2024-11-28T00:00:13+00:00
private fitness studio/room on campus,2024-11-27T23:26:25+00:00
How do I enroll the course when I'm on waitlist?,2024-11-27T21:54:38+00:00
Enrollment site shows waitlist despite space?,2024-11-27T19:55:43+00:00
What's with the rock band?,2024-11-27T19:21:55+00:00
CMPT 213 Final Exam,2024-11-27T18:45:41+00:00
How does gpa work ?,2024-11-27T18:32:55+00:00
Gabor Mate SFU ticket?,2024-11-27T16:38:36+00:00
"I am applying for Simon Fraser University for fall 2025, Can someone help me out for the tuition fees for the Master of Arts (MA) program in Interactive Arts and Technology for international student?",2024-11-27T08:21:28+00:00
BADM certificate qs,2024-11-27T08:02:43+00:00
Parking Tickets,2024-11-27T07:40:18+00:00
Best way to study for macm101 final?,2024-11-27T03:41:35+00:00
Prof rejected doctors note,2024-11-27T03:08:00+00:00
Second midterm of MACM 101,2024-11-27T02:37:20+00:00
Ice Cream hair kid detained ü§óü§ó,2024-11-27T02:36:13+00:00
MARSHMELLOWS ARE BACK TMR,2024-11-26T23:55:21+00:00
Changing institutions,2024-11-26T23:12:12+00:00
CTV News wants to talk to students about the safety issues regarding the teens on campus,2024-11-26T18:18:34+00:00
SFU Burnaby Campus is located in a Beautiful location. Where do you recommend standing so you see the best view of nature?,2024-11-26T11:33:39+00:00
Free 6 month Prime student trial,2024-11-26T10:35:20+00:00
"Safety On Campus, Security is useless",2024-11-26T10:09:24+00:00
Weird question,2024-11-26T06:54:22+00:00
I am applying for MPCS Big Data Fall'25,2024-11-26T06:07:10+00:00
Safety on campus,2024-11-26T05:38:28+00:00
not sure what program to apply for.,2024-11-26T04:08:08+00:00
Data science sfu,2024-11-26T03:34:17+00:00
End of term events?,2024-11-26T03:26:19+00:00
SFU ->13 BC employers recognized for treating their workers best,2024-11-26T02:20:35+00:00
Advice on Upper CS courses,2024-11-25T22:03:36+00:00
How likely am I going to be able to get into these courses?,2024-11-25T20:45:16+00:00
If you could tell something to your past self about taking first year calculus what would it be?,2024-11-25T20:41:56+00:00
CMPT354 vs CMPT303,2024-11-25T20:39:59+00:00
Question,2024-11-25T20:25:42+00:00
Bus 201 Comprehensive exam,2024-11-25T18:27:20+00:00
Help with Phil110,2024-11-25T18:22:31+00:00
Course Dropped Itself,2024-11-25T18:04:45+00:00
SFU applications never working?,2024-11-25T17:10:53+00:00
Imaginus Posters Setting up @ Burnaby Campus,2024-11-25T16:28:30+00:00
BISC 101 lab exam,2024-11-25T16:15:42+00:00
ECON342 Help üò≠,2024-11-25T13:58:28+00:00
Preferred Name,2024-11-25T10:13:00+00:00
Sherrie Atwood for Psyc 102,2024-11-25T08:11:14+00:00
What gpa yall got in external in this spring semester for cs or sosy??,2024-11-25T06:03:03+00:00
Soccer Club?,2024-11-25T05:35:02+00:00
Plan 100 Spring term,2024-11-25T04:16:52+00:00
Supplemental application?,2024-11-25T00:13:35+00:00
Should SFU build more housing?,2024-11-24T11:30:35+00:00
Bring back paper towels and clean water dispensers.,2024-11-24T07:38:45+00:00
Master of Science in Big Data - Professional program,2024-11-24T06:30:34+00:00
Where do I cook?,2024-11-24T05:48:48+00:00
Mental Health Counselling Experiences,2024-11-24T04:23:11+00:00
Late submission,2024-11-24T01:18:14+00:00
WMC open on weekends?,2024-11-24T00:26:26+00:00
Lost Wallet At SFU,2024-11-24T00:20:32+00:00
Help to choose engineering major,2024-11-23T23:41:10+00:00
Is Co-op worth it for hsci BA?,2024-11-23T23:22:59+00:00
Bursary Limit,2024-11-23T21:32:22+00:00
How long are the enrolment appointment for?,2024-11-23T20:28:14+00:00
Course load - IAT,2024-11-23T13:00:59+00:00
SFU vs U of C vs Western vs Queen's (Electrical Engineering),2024-11-23T10:17:11+00:00
Math 260 DE Scaled?,2024-11-23T09:23:51+00:00
Econ 331,2024-11-23T08:35:28+00:00
how bad is this?,2024-11-23T08:25:44+00:00
myschedule has me on gunpoint,2024-11-23T08:16:57+00:00
Is IAT 167 offered in the summer? with who?,2024-11-23T08:10:20+00:00
Any SFU Students Preparing for or Taken the LSAT?,2024-11-23T07:43:02+00:00
Any SFU Students Preparing for or Taken the LSAT?,2024-11-23T07:40:19+00:00
CMPT 365,2024-11-23T07:39:36+00:00
Run Club,2024-11-23T07:26:29+00:00
Black Friday feels like a joke this year.,2024-11-23T06:39:41+00:00
Math150/151 Final,2024-11-23T06:00:36+00:00
Just a PSA: SFU gives you free access to Statista.,2024-11-23T06:00:03+00:00
Class conflict,2024-11-23T04:27:02+00:00
COGS 100 Breadth,2024-11-23T02:56:09+00:00
crim prof suggestions,2024-11-23T02:37:09+00:00
Students with credit for [redacted]100 or [redacted]100W may not take this course for further credit.,2024-11-23T00:17:04+00:00
MBB110 orbCMPT 120,2024-11-23T00:04:42+00:00
Why are there so many posters written in Chinese at SFU?,2024-11-22T23:01:55+00:00
waitlisted on closed class?,2024-11-22T22:51:57+00:00
CMPT 120 waitlist,2024-11-22T17:02:39+00:00
Visiting Research Student Looking for Accommodation in Burnaby - advice needed,2024-11-22T16:57:05+00:00
What‚Äôs so bad about Math 157 prof Randall Pyke,2024-11-22T15:15:33+00:00
Cmpt 307 with Qianping Gu?,2024-11-22T11:00:10+00:00
Macm 101 Final Expectations with Khangura?,2024-11-22T08:02:51+00:00
Chances of getting in when waitlisted?,2024-11-22T07:23:07+00:00
HSCI 305 final exam,2024-11-22T06:19:12+00:00
Does SFU have a place where I can borrow a dremel?,2024-11-22T04:59:12+00:00
Bed MAJOR,2024-11-22T04:50:48+00:00
MySchedule Is Back Up!,2024-11-22T03:15:12+00:00
what are some easy b-science courses?,2024-11-22T02:14:55+00:00
PSYC 210 or STAT 270?,2024-11-22T01:53:37+00:00
WE for mental reasons,2024-11-22T01:26:37+00:00
Dining hall conspiracy,2024-11-22T01:15:47+00:00
EASY BREADTH SOCIAL SCIENCES OR BREADTH SCIENCE CLASSES?,2024-11-22T01:10:02+00:00
Switching to Beedie,2024-11-22T00:31:05+00:00
"How long is the waitlist for on campus housing? Is SFU, and city councils doing enough?",2024-11-22T00:09:49+00:00
I need guidance,2024-11-21T23:53:28+00:00
Bpk 2.5 science Gpa kinesiology continuance policy,2024-11-21T22:29:04+00:00
Cmpt 225 waitlist,2024-11-21T21:57:20+00:00
Has anyone taken CMPT 365?,2024-11-21T21:53:05+00:00
missed the zoom meeting for co-op workshop,2024-11-21T21:32:19+00:00
BPK325 Waitlist,2024-11-21T21:21:16+00:00
"CMPT 105W Harinder vs Felix Lo (especially him cause I don't have any info on him), who should I choose",2024-11-21T20:16:51+00:00
BUS201 case challenge,2024-11-21T12:34:41+00:00
bpk vs health sci,2024-11-21T08:41:58+00:00
Do they still offer flu shots on campus?,2024-11-21T07:15:14+00:00
Enrollment chances,2024-11-21T06:17:45+00:00
How helpful is studying Communications at SFU?,2024-11-21T05:29:55+00:00
Has anyone taken Saieed Akbari Feyzaabaadi?,2024-11-21T05:27:55+00:00
Reserved seats,2024-11-21T02:57:08+00:00
MATH 157 Pyke or Jedwab?,2024-11-21T02:48:30+00:00
How are people doing in REM 202W?,2024-11-21T02:32:30+00:00
Chances of Getting in?,2024-11-21T02:04:46+00:00
sfu counselling,2024-11-21T01:38:08+00:00
HELP! switching from kin to health sci,2024-11-21T00:51:25+00:00
Anyone else see the updated parking fees for syrc?,2024-11-21T00:16:34+00:00
Gosfu won't let me enroll?,2024-11-21T00:07:25+00:00
closed course,2024-11-20T23:21:16+00:00
On waitlist chance of getting course,2024-11-20T21:56:16+00:00
SFU scheduler thats better than myschedule,2024-11-20T21:51:11+00:00
Can anyone just start a club? And would anyone join a (Tsa) turkish student association sfu club?,2024-11-20T21:33:25+00:00
Psyc 260 final,2024-11-20T21:21:48+00:00
Parking on Sunday,2024-11-20T20:12:37+00:00
SFU Clubs,2024-11-20T19:43:04+00:00
MACM 316 Enrollment,2024-11-20T18:35:09+00:00
If you are coughing and sniffling every two minutes you should not be in class!,2024-11-20T16:04:53+00:00
Literally failing,2024-11-20T09:26:50+00:00
"goSFU & mySchedule unavailable Mon November 25, 2024 from 12:00AM until 8:00AM",2024-11-20T09:03:59+00:00
Coreq/prereq courses,2024-11-20T08:50:01+00:00
how to check position on waitlist,2024-11-20T08:02:40+00:00
School canceled?,2024-11-20T07:12:10+00:00
Parking but had a flex pass,2024-11-20T07:00:36+00:00
Housing,2024-11-20T06:42:54+00:00
Waitlist,2024-11-20T06:25:29+00:00
MACM 316 closed?,2024-11-20T06:14:56+00:00
"In case of zombie apocalypse, what's the best building on campus to hold out in?",2024-11-20T05:28:23+00:00
gosfu still being slow and a windstorm???,2024-11-20T04:53:37+00:00
"Stay safe tonight! Over 160,000 households are already without power due to the bomb cyclone in BC.",2024-11-20T04:46:40+00:00
"Is taking CMPT 210 and 225, MACM 316, and one elective doable?",2024-11-20T04:35:53+00:00
Does bus 373 or 343 or 346 have a final?,2024-11-20T04:16:13+00:00
Geog162 online final,2024-11-20T02:34:54+00:00
Can i use the same course as credit for both my major and certificate?,2024-11-20T02:12:45+00:00
WQB question,2024-11-20T00:53:16+00:00
Online course ARCH100,2024-11-20T00:07:59+00:00
Is it possible to complete a program at another institution while enrolled at sfu,2024-11-19T22:57:55+00:00
Fire pits are back!,2024-11-19T22:53:18+00:00
Waitlisted for a class listed as open,2024-11-19T22:22:06+00:00
Changes in GDBA,2024-11-19T20:23:23+00:00
Going from Engineering Science to Business,2024-11-19T11:20:36+00:00
psyc 102 alyssa croft,2024-11-19T09:45:58+00:00
Stay safe! A bomb cyclone with winds of 120 km/h is coming tomorrow in BC.,2024-11-19T06:55:29+00:00
Bus service tomorrow,2024-11-19T06:53:23+00:00
Best sesh spots on campus?,2024-11-19T06:32:05+00:00
Sfu pdp pass fail or graded? And how hard is it to do well if it‚Äôs graded?,2024-11-19T06:01:50+00:00
Do we think myschedule will be fixed by next semester?,2024-11-19T04:15:23+00:00
Upper Division HSCI Course Recommendations,2024-11-19T02:21:04+00:00
Elective reccomendations,2024-11-19T02:16:15+00:00
With sfu‚Äôs myschedule taken away. Does anyone else hate how we now have to enroll in classes?,2024-11-19T00:29:32+00:00
cmpt 125,2024-11-18T23:08:50+00:00
renege offer outside coop platform,2024-11-18T22:26:13+00:00
EDUCATION 327 or EDUCATION 423,2024-11-18T20:44:16+00:00
Course enrollment,2024-11-18T20:28:15+00:00
R5 is terrible,2024-11-18T20:01:59+00:00
Cleaning procedures?,2024-11-18T19:54:00+00:00
BUS202 Case Competition,2024-11-18T19:51:13+00:00
course recommendation,2024-11-18T18:54:06+00:00
AQ smell,2024-11-18T18:28:31+00:00
How hard is it to get into computer engineering,2024-11-18T11:46:18+00:00
advisors not responding,2024-11-18T08:27:17+00:00
Course opinions,2024-11-18T08:05:31+00:00
Tips for studying for CMPT225 final exam with John Edgar,2024-11-18T08:04:04+00:00
CAL accommodations,2024-11-18T07:37:29+00:00
WE wait time,2024-11-18T07:31:42+00:00
course conflicts??,2024-11-18T06:01:52+00:00
Question about Educ 401/402 semester,2024-11-18T03:55:42+00:00
"Advice on CA 104, REM 100, EDUC 100W, PLAN 100, HUM 102",2024-11-18T03:16:31+00:00
The shit am i supposed to do for course enrollments?,2024-11-18T03:06:13+00:00
All I care about is wrestling,2024-11-18T01:56:23+00:00
Translink Gondola is a big joke,2024-11-18T01:36:55+00:00
mySchedule,2024-11-18T00:43:15+00:00
CMPT 376W D200 - Anyone able to enroll in this class?,2024-11-17T23:58:12+00:00
Any good b-sci electives?,2024-11-17T22:34:24+00:00
Beedie Curve and High Class Averages,2024-11-17T11:41:07+00:00
Are Karen Ruckman or M EMRUL HASAN good for bus 207?,2024-11-17T11:19:10+00:00
Suggestions for best mobile network services that work on this mountain,2024-11-17T04:33:24+00:00
Easiest upper-level electives for SPRING 2024,2024-11-17T04:09:23+00:00
Elective Pre-req,2024-11-17T03:09:38+00:00
Breadth Electives Master List,2024-11-17T02:49:19+00:00
how long are phys 133 labs?,2024-11-17T01:31:14+00:00
‚ÄúClosed class‚Äù question,2024-11-17T00:35:52+00:00
Am I allowed to wear my airpods during exam,2024-11-16T23:35:50+00:00
Can I get a paper marked by my Prof instead,2024-11-16T23:34:24+00:00
I don't see 253,2024-11-16T23:26:56+00:00
Phil 105,2024-11-16T22:15:53+00:00
Bisc 102 Lab Manual,2024-11-16T21:38:28+00:00
SFU Beedie grads plus CFA Charterholders,2024-11-16T06:38:27+00:00
Co-op application,2024-11-16T04:54:23+00:00
Found iPhone,2024-11-16T04:24:56+00:00
EDUC 468?,2024-11-16T04:03:27+00:00
Should I will till January to apply to pdp so I look like I am graduated ?,2024-11-16T04:02:00+00:00
how‚Äôs 312 with gherardo caracciolo?,2024-11-16T03:46:51+00:00
Can sfu ask for the conversation I had with the ombudsman? Is that supposed to be confidential or not?,2024-11-16T02:35:59+00:00
Hey I think this is my last question for this year lol‚¨áÔ∏è,2024-11-16T00:17:07+00:00
Beedie first year spring semester,2024-11-15T23:25:27+00:00
Changed rubric after submission,2024-11-15T23:24:45+00:00
thoughts on my spring 2025 semester,2024-11-15T23:13:46+00:00
Compass Card in RCB,2024-11-15T22:47:11+00:00
"If I take CMNS 405W, does that count as taking an upper division writing course and a 400 level course at the same time?",2024-11-15T21:14:04+00:00
Studying overnight at Vancouver campus,2024-11-15T19:39:28+00:00
This is how you can enrol,2024-11-15T19:01:35+00:00
Selecting classes and enrolling should not be this hard..,2024-11-15T18:59:27+00:00
Need some to relief stress with. lfykyk,2024-11-15T18:31:36+00:00
Where are the marshmallow roasting pits or when will they be brought out?,2024-11-15T12:09:12+00:00
psychology co op,2024-11-15T07:52:13+00:00
CAL ACCOMODATIONS...PLEASE REPLY,2024-11-15T07:11:50+00:00
BUS 203,2024-11-15T06:46:07+00:00
Enrolling when CGPA is under required!,2024-11-15T06:29:11+00:00
"SFU Alumni, when do you lose access to the free OneDrive storage?",2024-11-15T06:12:09+00:00
Enrollment on gosfu,2024-11-15T05:04:06+00:00
Winter Supply Drive,2024-11-15T04:53:40+00:00
All these issues started once they got rid of paper towels.,2024-11-15T03:11:47+00:00
Class numbers,2024-11-15T03:08:40+00:00
Can't get into course needed for graduation,2024-11-15T03:01:34+00:00
Enrolment work-around,2024-11-15T02:29:02+00:00
Changes to After Hours Access to Blusson Hall,2024-11-15T02:20:04+00:00
Crim 320 final,2024-11-15T01:07:21+00:00
How Does One Deal With Self Sabotage,2024-11-15T00:26:32+00:00
To the One Swiping Food from the Shell House Lockers ‚Äì Count Your Prayers,2024-11-14T23:56:50+00:00
Is MACM 316 or CMPT 307 harder?,2024-11-14T22:58:50+00:00
Crazy that they decided to try to rollout an upgrade for mySchedule during enrolment like what,2024-11-14T22:52:19+00:00
"If I am not a business student, but am going to be going to SFU for Psyc, and I have a business - is there a way to connect with business students about some support?",2024-11-14T22:38:47+00:00
Engl 199,2024-11-14T22:11:56+00:00
To anyone who can‚Äôt enroll,2024-11-14T22:09:24+00:00
"For those with part-time or full time jobs, how many courses do you take?",2024-11-14T22:07:27+00:00
Computer science gpa boosters,2024-11-14T21:58:56+00:00
Math 150/151 Jamie Mulholland Past Papers,2024-11-14T21:23:20+00:00
Enrollment,2024-11-14T21:17:57+00:00
anyone know if the therapy here is decent,2024-11-14T20:03:48+00:00
Can‚Äôt enroll,2024-11-14T19:48:19+00:00
Upper division science courses,2024-11-14T19:42:27+00:00
Gosfu still down,2024-11-14T19:39:52+00:00
Enrollment timed out,2024-11-14T19:28:02+00:00
SFU Persian Society,2024-11-14T18:44:02+00:00
Access has been removed for MySchedule.,2024-11-14T18:17:44+00:00
Organic chemistry tutoring,2024-11-14T18:13:54+00:00
Go sfu still down,2024-11-14T16:43:12+00:00
winter break,2024-11-14T08:02:54+00:00
Guys no school next semester for everyone!!!,2024-11-14T07:38:47+00:00
what‚Äôs crim 220 like?,2024-11-14T07:05:20+00:00
Discord Server For Indians At Sfu,2024-11-14T05:51:32+00:00
What do we gotta do?,2024-11-14T05:50:33+00:00
Why is my tuition so high compare to the estimated in calculator,2024-11-14T05:18:39+00:00
Question About University Life,2024-11-14T04:46:32+00:00
Wifi at Surrey campus,2024-11-14T03:00:40+00:00
ppl who talk during lectures,2024-11-14T02:57:23+00:00
So I guess I‚Äôm not fking enrolling,2024-11-14T01:58:10+00:00
What‚Äôs up with the people selling Amway goodie bags?,2024-11-14T01:45:51+00:00
WE Course Drop,2024-11-14T01:37:33+00:00
Course sections not on course catologue?,2024-11-14T01:17:26+00:00
HUM 359 with Evdoxios Doxiadis,2024-11-14T00:57:14+00:00
"All things good or bad, come in groups of 3",2024-11-14T00:29:01+00:00
reading week?,2024-11-14T00:27:30+00:00
Collaboration Opportunity for SFU Clubs and Communities,2024-11-14T00:06:54+00:00
"mySchedule will be unavailable as of November 13, 2024",2024-11-13T22:57:35+00:00
Wifi and Go SFU are both seemingly down??! Academic Advisors can‚Äôt connect/access either.,2024-11-13T22:56:38+00:00
Bad WiFi Connection,2024-11-13T22:46:18+00:00
Environmental science course offerings,2024-11-13T22:28:06+00:00
"goSFU system notice (Tuesday, November 12, 2024)",2024-11-13T22:21:58+00:00
Anyone else having wifi problems in the Burnaby campus?,2024-11-13T22:21:18+00:00
first gosfu now canvas :(,2024-11-13T20:53:51+00:00
Gosfu bugginnnn,2024-11-13T19:43:41+00:00
[MACM 101 Midterm 2] Only god can help me now,2024-11-13T19:10:37+00:00
Thoughts on transfer?,2024-11-13T19:08:47+00:00
Exchange Eligibility Appeal Application,2024-11-13T18:25:19+00:00
How is parking today?,2024-11-13T17:50:57+00:00
Professors who don‚Äôt know how to spell or use proper grammar,2024-11-13T09:26:57+00:00
What exactly makes a beedie baddie different than a sauder snake?,2024-11-13T09:11:43+00:00
Stop being scared of women,2024-11-13T08:16:56+00:00
PLP requirements changed,2024-11-13T05:30:52+00:00
CMPT classes are mostly full,2024-11-13T04:34:57+00:00
CMPT 210 and 201,2024-11-13T01:39:25+00:00
Easiest Upper Division Courses for CS?,2024-11-13T01:29:16+00:00
BISC ‚Äúspecial topics for non-majors‚Äù,2024-11-13T01:26:44+00:00
MACM 101,2024-11-13T01:10:43+00:00
Help,2024-11-13T00:59:48+00:00
Failing the same course 2 semesters in a row,2024-11-13T00:59:24+00:00
Has anyone done an international Co-op?,2024-11-12T23:56:45+00:00
Friend lost jacket with wallet inside,2024-11-12T23:44:33+00:00
SA 443 or SA 474?,2024-11-12T23:25:16+00:00
Enroll help,2024-11-12T22:41:51+00:00
Am I cooked? Next sem is my y1s2,2024-11-12T21:23:45+00:00
is taking macm101 and comp120 together doable?,2024-11-12T21:10:34+00:00
my schedule difficulties,2024-11-12T20:27:00+00:00
chance of getting in,2024-11-12T19:51:29+00:00
live laugh love sfu enrollment,2024-11-12T19:45:20+00:00
Why isn't myschedule letting me enroll?,2024-11-12T18:41:59+00:00
MySchedule,2024-11-12T18:38:59+00:00
Is go.sfu not loading for anyone?,2024-11-12T17:36:03+00:00
The current state of upper level CMPT courses needs to change.,2024-11-12T08:20:09+00:00
Gym buddy for pull-up challenge?,2024-11-12T04:45:14+00:00
MATH 151 average,2024-11-12T00:20:51+00:00
IAT 244,2024-11-11T23:29:43+00:00
Is GO SFU down?,2024-11-11T22:16:01+00:00
Peter Leavitt for Psyc 100,2024-11-11T22:13:39+00:00
Canvas,2024-11-11T22:04:01+00:00
Is canvas down for anyone else?,2024-11-11T20:53:40+00:00
Canvas down,2024-11-11T20:52:58+00:00
Unable to access my gosfu,2024-11-11T20:31:49+00:00
Closest stat 270 playlist on Youtube?,2024-11-11T17:47:07+00:00
math232,2024-11-11T14:34:01+00:00
Should I be taking notes during lecture?,2024-11-11T06:54:36+00:00
campus closed tmr?,2024-11-11T06:36:38+00:00
Rooms on Burnaby campus to practice singing?,2024-11-11T04:55:34+00:00
cmpt 120 midterm,2024-11-11T04:41:05+00:00
Support Pal Relocated or Down?,2024-11-10T22:38:46+00:00
Beedie First/Second Year Course Load Advice?,2024-11-10T22:11:27+00:00
EDUC100W Waitlist,2024-11-10T20:43:00+00:00
Can you retake a class a third time?,2024-11-10T14:04:49+00:00
How can I break away from the geek/comp science student crowd,2024-11-10T12:49:58+00:00
Increase grades,2024-11-10T07:49:57+00:00
Need opinions on CA 386,2024-11-10T03:51:39+00:00
CMPT 225 final with John Edgar,2024-11-10T03:07:23+00:00
Chances of Getting In?,2024-11-09T19:10:46+00:00
INDG 101 grading,2024-11-09T06:56:05+00:00
How to not get electrocuted in winter,2024-11-09T05:20:14+00:00
MBB 322 with Jonathan Choy ;-;,2024-11-09T03:38:02+00:00
"Cannot add my classes on MySchedule, black screen when I do.",2024-11-09T03:32:38+00:00
"REM 100, LING 111, or PSYC 100",2024-11-09T03:15:44+00:00
Academic dishonesty,2024-11-09T02:35:22+00:00
Microsoft 365 apps using SFUid,2024-11-09T01:01:56+00:00
Looking for B-Social Sciences online courses,2024-11-09T00:56:57+00:00
Educ100w online or in-person ?,2024-11-09T00:04:07+00:00
i need help / advice,2024-11-08T23:11:18+00:00
Intro to gerontology 300,2024-11-08T22:10:25+00:00
hsci 410 bastos or mcandless,2024-11-08T21:12:22+00:00
Crim 320 and 321 same term,2024-11-08T18:55:13+00:00
Missed my midterm,2024-11-08T16:53:17+00:00
GDBA - Is it right for my situation?,2024-11-08T16:48:02+00:00
Bernhard Rabus,2024-11-08T13:04:48+00:00
Thoughts on these classes,2024-11-08T12:29:17+00:00
Crim 320,2024-11-08T11:52:20+00:00
Can I take courses at SFU once I graduate?,2024-11-08T08:00:38+00:00
ENSC 151 Practical Exam,2024-11-08T03:52:43+00:00
Blue alarm in the AQ?,2024-11-08T01:53:01+00:00
SFU Spring 2025 residence waitlist,2024-11-08T01:38:35+00:00
Group A Business,2024-11-08T00:57:34+00:00
Waitlist,2024-11-07T23:29:26+00:00
are your parents paying for your tuition? / do you pay for your childrens‚Äô tuition?,2024-11-07T22:16:23+00:00
Beedie family award,2024-11-07T21:20:22+00:00
TEKX 101 Midterm Tips?,2024-11-07T20:55:04+00:00
Has anyone taken INDG 101 with Natahnee Winder or any other professor online?,2024-11-07T20:53:24+00:00
CMPT 479 with Rob Cameron?,2024-11-07T20:51:24+00:00
Whoever stole my Owala Water bottle today from the bathroom you gross,2024-11-07T20:32:31+00:00
Require Calculator for 1 month,2024-11-07T18:46:34+00:00
SA 101 with Cristina Moretti,2024-11-07T08:27:21+00:00
Science Coop,2024-11-07T06:23:49+00:00
Care to share your thoughts/opinions on these courses?,2024-11-07T04:08:33+00:00
Crisis,2024-11-07T02:15:42+00:00
electives at sfu surrey?,2024-11-06T23:55:55+00:00
People trying to break into dorm,2024-11-06T23:41:11+00:00
Summer term,2024-11-06T22:19:20+00:00
How is STAT 201 OL01 already full?,2024-11-06T22:04:49+00:00
Psychology 100,2024-11-06T21:14:05+00:00
EDUC 100,2024-11-06T20:28:03+00:00
üéí Interested in Outdoor Gear Rentals or Looking to Rent Out Your Own Gear? Check Out Gear2Peer! üåÑ,2024-11-06T20:01:39+00:00
Masters in publishing?,2024-11-06T19:52:22+00:00
Simon Fraser Master of Cybersec,2024-11-06T19:35:45+00:00
Inquiry on course electives (BUS 200 mainly),2024-11-06T18:37:24+00:00
VALUABLE SUGGESTION,2024-11-06T17:41:47+00:00
Fee payment,2024-11-06T16:52:08+00:00
Lock in academically or on side projects,2024-11-06T08:51:46+00:00
have u seen those ppl going around trying to sell things?,2024-11-06T08:03:52+00:00
GSWS100,2024-11-06T05:09:35+00:00
Girls in classes,2024-11-06T04:45:13+00:00
AI Assistance GSWS 100,2024-11-06T03:28:17+00:00
Any SIAT students find a macbook magsafe charger in studio A?,2024-11-06T03:05:32+00:00
bpk 326,2024-11-06T01:05:52+00:00
If a class says enrolled should I still be worried about being put on waitlist,2024-11-06T00:50:38+00:00
is there a way I can find test bank questions as a psych student?,2024-11-06T00:14:32+00:00
Math 190 Joanna Niezen,2024-11-05T23:39:46+00:00
UPass Not Working,2024-11-05T20:15:37+00:00
Crim Field Practice Study.,2024-11-05T20:12:39+00:00
geog100 group,2024-11-05T18:41:53+00:00
Parking,2024-11-05T07:29:35+00:00
Please show some respect to the people around you.,2024-11-05T07:12:40+00:00
Is educ 220 hard?,2024-11-05T05:25:16+00:00
Academic Burnout,2024-11-05T03:47:27+00:00
Psychology Minor,2024-11-05T02:08:58+00:00
Is acma an easy class ?,2024-11-05T02:02:05+00:00
Yes SFU is aware of Canvas issues,2024-11-05T01:49:01+00:00
SFU CMPT 125 Summer 2025 Class Available,2024-11-05T00:52:25+00:00
Homeless in the Surrey campus,2024-11-04T21:36:27+00:00
Coursediggers rant,2024-11-04T20:37:46+00:00
Beedie reference letter,2024-11-04T20:19:04+00:00
What happened up the hill sfu (car got rear ended badly on the middle of the road),2024-11-04T20:16:26+00:00
Have you gotten a BUS TA position with a A- or lower grade?,2024-11-04T19:41:45+00:00
Upper Division electives,2024-11-04T19:13:24+00:00
french 101?,2024-11-04T18:44:37+00:00
Has anyone taken EDUC199?,2024-11-04T17:43:14+00:00
Intro to Italian (ITAL 100),2024-11-04T08:05:09+00:00
"Can I ask a professor to ""reserve"" a spot in a course?",2024-11-04T07:17:35+00:00
Found headphones,2024-11-04T05:24:05+00:00
Stats 305,2024-11-04T05:04:24+00:00
